DateTime,SWE_cm,water_year
2010-10-01,,
2010-10-02,,
2010-10-03,,
2010-10-04,,
2010-10-05,,
2010-10-06,,
2010-10-07,,
2010-10-08,,
2010-10-09,,
2010-10-10,,
2010-10-11,,
2010-10-12,,
2010-10-13,,
2010-10-14,,
2010-10-15,,
2010-10-16,,
2010-10-17,,
2010-10-18,,
2010-10-19,,
2010-10-20,,
2010-10-21,,
2010-10-22,,
2010-10-23,,
2010-10-24,,
2010-10-25,,
2010-10-26,,
2010-10-27,,
2010-10-28,,
2010-10-29,,
2010-10-30,,
2010-10-31,,
2010-11-01,,
2010-11-02,,
2010-11-03,,
2010-11-04,,
2010-11-05,,
2010-11-06,,
2010-11-07,,
2010-11-08,,
2010-11-09,,
2010-11-10,,
2010-11-11,,
2010-11-12,,
2010-11-13,,
2010-11-14,,
2010-11-15,,
2010-11-16,,
2010-11-17,,
2010-11-18,,
2010-11-19,,
2010-11-20,,
2010-11-21,,
2010-11-22,,
2010-11-23,,
2010-11-24,,
2010-11-25,,
2010-11-26,,
2010-11-27,,
2010-11-28,,
2010-11-29,,
2010-11-30,,
2010-12-01,,
2010-12-02,,
2010-12-03,,
2010-12-04,,
2010-12-05,,
2010-12-06,,
2010-12-07,,
2010-12-08,,
2010-12-09,,
2010-12-10,,
2010-12-11,,
2010-12-12,,
2010-12-13,,
2010-12-14,,
2010-12-15,,
2010-12-16,,
2010-12-17,,
2010-12-18,,
2010-12-19,,
2010-12-20,,
2010-12-21,,
2010-12-22,,
2010-12-23,,
2010-12-24,,
2010-12-25,,
2010-12-26,,
2010-12-27,,
2010-12-28,,
2010-12-29,,
2010-12-30,,
2010-12-31,,
2011-01-01,,
2011-01-02,,
2011-01-03,,
2011-01-04,,
2011-01-05,,
2011-01-06,,
2011-01-07,,
2011-01-08,,
2011-01-09,,
2011-01-10,,
2011-01-11,,
2011-01-12,,
2011-01-13,,
2011-01-14,,
2011-01-15,,
2011-01-16,,
2011-01-17,,
2011-01-18,,
2011-01-19,,
2011-01-20,,
2011-01-21,,
2011-01-22,,
2011-01-23,,
2011-01-24,,
2011-01-25,,
2011-01-26,,
2011-01-27,,
2011-01-28,,
2011-01-29,,
2011-01-30,,
2011-01-31,,
2011-02-01,,
2011-02-02,,
2011-02-03,,
2011-02-04,,
2011-02-05,,
2011-02-06,,
2011-02-07,,
2011-02-08,,
2011-02-09,,
2011-02-10,,
2011-02-11,,
2011-02-12,,
2011-02-13,,
2011-02-14,,
2011-02-15,,
2011-02-16,,
2011-02-17,,
2011-02-18,,
2011-02-19,,
2011-02-20,,
2011-02-21,,
2011-02-22,,
2011-02-23,,
2011-02-24,,
2011-02-25,,
2011-02-26,,
2011-02-27,,
2011-02-28,,
2011-03-01,,
2011-03-02,,
2011-03-03,,
2011-03-04,,
2011-03-05,,
2011-03-06,,
2011-03-07,,
2011-03-08,,
2011-03-09,,
2011-03-10,,
2011-03-11,,
2011-03-12,,
2011-03-13,,
2011-03-14,,
2011-03-15,,
2011-03-16,,
2011-03-17,,
2011-03-18,,
2011-03-19,,
2011-03-20,,
2011-03-21,,
2011-03-22,,
2011-03-23,,
2011-03-24,,
2011-03-25,,
2011-03-26,,
2011-03-27,,
2011-03-28,,
2011-03-29,,
2011-03-30,,
2011-03-31,,
2011-04-01,,
2011-04-02,,
2011-04-03,,
2011-04-04,,
2011-04-05,,
2011-04-06,,
2011-04-07,,
2011-04-08,,
2011-04-09,,
2011-04-10,,
2011-04-11,,
2011-04-12,,
2011-04-13,,
2011-04-14,,
2011-04-15,,
2011-04-16,,
2011-04-17,,
2011-04-18,,
2011-04-19,,
2011-04-20,,
2011-04-21,,
2011-04-22,,
2011-04-23,,
2011-04-24,,
2011-04-25,,
2011-04-26,,
2011-04-27,,
2011-04-28,,
2011-04-29,,
2011-04-30,,
2011-05-01,,
2011-05-02,,
2011-05-03,,
2011-05-04,,
2011-05-05,,
2011-05-06,,
2011-05-07,,
2011-05-08,,
2011-05-09,,
2011-05-10,,
2011-05-11,,
2011-05-12,,
2011-05-13,,
2011-05-14,,
2011-05-15,,
2011-05-16,,
2011-05-17,,
2011-05-18,,
2011-05-19,,
2011-05-20,,
2011-05-21,,
2011-05-22,,
2011-05-23,,
2011-05-24,,
2011-05-25,,
2011-05-26,,
2011-05-27,,
2011-05-28,,
2011-05-29,,
2011-05-30,,
2011-05-31,,
2011-06-01,,
2011-06-02,,
2011-06-03,,
2011-06-04,,
2011-06-05,,
2011-06-06,,
2011-06-07,,
2011-06-08,,
2011-06-09,,
2011-06-10,,
2011-06-11,,
2011-06-12,,
2011-06-13,,
2011-06-14,,
2011-06-15,,
2011-06-16,,
2011-06-17,,
2011-06-18,,
2011-06-19,,
2011-06-20,,
2011-06-21,,
2011-06-22,,
2011-06-23,,
2011-06-24,,
2011-06-25,,
2011-06-26,,
2011-06-27,,
2011-06-28,,
2011-06-29,,
2011-06-30,,
2011-07-01,,
2011-07-02,,
2011-07-03,,
2011-07-04,,
2011-07-05,,
2011-07-06,,
2011-07-07,,
2011-07-08,,
2011-07-09,,
2011-07-10,,
2011-07-11,,
2011-07-12,,
2011-07-13,,
2011-07-14,,
2011-07-15,,
2011-07-16,,
2011-07-17,,
2011-07-18,,
2011-07-19,,
2011-07-20,,
2011-07-21,,
2011-07-22,,
2011-07-23,,
2011-07-24,,
2011-07-25,,
2011-07-26,,
2011-07-27,,
2011-07-28,,
2011-07-29,,
2011-07-30,,
2011-07-31,,
2011-08-01,,
2011-08-02,,
2011-08-03,,
2011-08-04,,
2011-08-05,,
2011-08-06,,
2011-08-07,,
2011-08-08,,
2011-08-09,,
2011-08-10,,
2011-08-11,,
2011-08-12,,
2011-08-13,,
2011-08-14,,
2011-08-15,,
2011-08-16,,
2011-08-17,,
2011-08-18,,
2011-08-19,,
2011-08-20,,
2011-08-21,,
2011-08-22,,
2011-08-23,,
2011-08-24,,
2011-08-25,,
2011-08-26,,
2011-08-27,,
2011-08-28,,
2011-08-29,,
2011-08-30,,
2011-08-31,,
2011-09-01,,
2011-09-02,,
2011-09-03,,
2011-09-04,,
2011-09-05,,
2011-09-06,,
2011-09-07,,
2011-09-08,,
2011-09-09,,
2011-09-10,,
2011-09-11,,
2011-09-12,,
2011-09-13,,
2011-09-14,,
2011-09-15,,
2011-09-16,,
2011-09-17,,
2011-09-18,,
2011-09-19,,
2011-09-20,,
2011-09-21,,
2011-09-22,,
2011-09-23,,
2011-09-24,,
2011-09-25,,
2011-09-26,,
2011-09-27,,
2011-09-28,,
2011-09-29,,
2011-09-30,,
2011-10-01,,
2011-10-02,,
2011-10-03,,
2011-10-04,,
2011-10-05,,
2011-10-06,,
2011-10-07,,
2011-10-08,,
2011-10-09,,
2011-10-10,,
2011-10-11,,
2011-10-12,,
2011-10-13,,
2011-10-14,,
2011-10-15,,
2011-10-16,,
2011-10-17,,
2011-10-18,,
2011-10-19,,
2011-10-20,,
2011-10-21,,
2011-10-22,,
2011-10-23,,
2011-10-24,,
2011-10-25,,
2011-10-26,,
2011-10-27,,
2011-10-28,,
2011-10-29,,
2011-10-30,,
2011-10-31,,
2011-11-01,,
2011-11-02,,
2011-11-03,,
2011-11-04,,
2011-11-05,,
2011-11-06,,
2011-11-07,,
2011-11-08,,
2011-11-09,,
2011-11-10,,
2011-11-11,,
2011-11-12,,
2011-11-13,,
2011-11-14,,
2011-11-15,,
2011-11-16,,
2011-11-17,,
2011-11-18,,
2011-11-19,,
2011-11-20,,
2011-11-21,,
2011-11-22,,
2011-11-23,,
2011-11-24,,
2011-11-25,,
2011-11-26,,
2011-11-27,,
2011-11-28,,
2011-11-29,,
2011-11-30,,
2011-12-01,,
2011-12-02,,
2011-12-03,,
2011-12-04,,
2011-12-05,,
2011-12-06,,
2011-12-07,,
2011-12-08,,
2011-12-09,,
2011-12-10,,
2011-12-11,,
2011-12-12,,
2011-12-13,,
2011-12-14,,
2011-12-15,,
2011-12-16,,
2011-12-17,,
2011-12-18,,
2011-12-19,,
2011-12-20,,
2011-12-21,,
2011-12-22,,
2011-12-23,,
2011-12-24,,
2011-12-25,,
2011-12-26,,
2011-12-27,,
2011-12-28,,
2011-12-29,,
2011-12-30,,
2011-12-31,,
2012-01-01,,
2012-01-02,,
2012-01-03,,
2012-01-04,,
2012-01-05,,
2012-01-06,,
2012-01-07,,
2012-01-08,,
2012-01-09,,
2012-01-10,,
2012-01-11,,
2012-01-12,,
2012-01-13,,
2012-01-14,,
2012-01-15,,
2012-01-16,,
2012-01-17,,
2012-01-18,,
2012-01-19,,
2012-01-20,,
2012-01-21,,
2012-01-22,,
2012-01-23,,
2012-01-24,,
2012-01-25,,
2012-01-26,,
2012-01-27,,
2012-01-28,,
2012-01-29,,
2012-01-30,,
2012-01-31,,
2012-02-01,,
2012-02-02,,
2012-02-03,,
2012-02-04,,
2012-02-05,,
2012-02-06,,
2012-02-07,,
2012-02-08,,
2012-02-09,,
2012-02-10,,
2012-02-11,,
2012-02-12,,
2012-02-13,,
2012-02-14,,
2012-02-15,,
2012-02-16,,
2012-02-17,,
2012-02-18,,
2012-02-19,,
2012-02-20,,
2012-02-21,,
2012-02-22,,
2012-02-23,,
2012-02-24,,
2012-02-25,,
2012-02-26,,
2012-02-27,,
2012-02-28,,
2012-02-29,,
2012-03-01,,
2012-03-02,,
2012-03-03,,
2012-03-04,,
2012-03-05,,
2012-03-06,,
2012-03-07,,
2012-03-08,,
2012-03-09,,
2012-03-10,,
2012-03-11,,
2012-03-12,,
2012-03-13,,
2012-03-14,,
2012-03-15,,
2012-03-16,,
2012-03-17,,
2012-03-18,,
2012-03-19,,
2012-03-20,,
2012-03-21,,
2012-03-22,,
2012-03-23,,
2012-03-24,,
2012-03-25,,
2012-03-26,,
2012-03-27,,
2012-03-28,,
2012-03-29,,
2012-03-30,,
2012-03-31,,
2012-04-01,,
2012-04-02,,
2012-04-03,,
2012-04-04,,
2012-04-05,,
2012-04-06,,
2012-04-07,,
2012-04-08,,
2012-04-09,,
2012-04-10,,
2012-04-11,,
2012-04-12,,
2012-04-13,,
2012-04-14,,
2012-04-15,,
2012-04-16,,
2012-04-17,,
2012-04-18,,
2012-04-19,,
2012-04-20,,
2012-04-21,,
2012-04-22,,
2012-04-23,,
2012-04-24,,
2012-04-25,,
2012-04-26,,
2012-04-27,,
2012-04-28,,
2012-04-29,,
2012-04-30,,
2012-05-01,,
2012-05-02,,
2012-05-03,,
2012-05-04,,
2012-05-05,,
2012-05-06,,
2012-05-07,,
2012-05-08,,
2012-05-09,,
2012-05-10,,
2012-05-11,,
2012-05-12,,
2012-05-13,,
2012-05-14,,
2012-05-15,,
2012-05-16,,
2012-05-17,,
2012-05-18,,
2012-05-19,,
2012-05-20,,
2012-05-21,,
2012-05-22,,
2012-05-23,,
2012-05-24,,
2012-05-25,,
2012-05-26,,
2012-05-27,,
2012-05-28,,
2012-05-29,,
2012-05-30,,
2012-05-31,,
2012-06-01,,
2012-06-02,,
2012-06-03,,
2012-06-04,,
2012-06-05,,
2012-06-06,,
2012-06-07,,
2012-06-08,,
2012-06-09,,
2012-06-10,,
2012-06-11,,
2012-06-12,,
2012-06-13,,
2012-06-14,,
2012-06-15,,
2012-06-16,,
2012-06-17,,
2012-06-18,,
2012-06-19,,
2012-06-20,,
2012-06-21,,
2012-06-22,,
2012-06-23,,
2012-06-24,,
2012-06-25,,
2012-06-26,,
2012-06-27,,
2012-06-28,,
2012-06-29,,
2012-06-30,,
2012-07-01,,
2012-07-02,,
2012-07-03,,
2012-07-04,,
2012-07-05,,
2012-07-06,,
2012-07-07,,
2012-07-08,,
2012-07-09,,
2012-07-10,,
2012-07-11,,
2012-07-12,,
2012-07-13,,
2012-07-14,,
2012-07-15,,
2012-07-16,,
2012-07-17,,
2012-07-18,,
2012-07-19,,
2012-07-20,,
2012-07-21,,
2012-07-22,,
2012-07-23,,
2012-07-24,,
2012-07-25,,
2012-07-26,,
2012-07-27,,
2012-07-28,,
2012-07-29,,
2012-07-30,,
2012-07-31,,
2012-08-01,,
2012-08-02,,
2012-08-03,,
2012-08-04,,
2012-08-05,,
2012-08-06,,
2012-08-07,,
2012-08-08,,
2012-08-09,,
2012-08-10,,
2012-08-11,,
2012-08-12,,
2012-08-13,,
2012-08-14,,
2012-08-15,,
2012-08-16,,
2012-08-17,,
2012-08-18,,
2012-08-19,,
2012-08-20,,
2012-08-21,,
2012-08-22,,
2012-08-23,,
2012-08-24,,
2012-08-25,,
2012-08-26,,
2012-08-27,,
2012-08-28,,
2012-08-29,,
2012-08-30,,
2012-08-31,,
2012-09-01,0.0,
2012-09-02,0.0,
2012-09-03,0.0,
2012-09-04,0.0,
2012-09-05,0.0,
2012-09-06,0.0,
2012-09-07,0.0,
2012-09-08,0.0,
2012-09-09,0.0,
2012-09-10,0.0,
2012-09-11,0.0,
2012-09-12,0.0,
2012-09-13,0.0,
2012-09-14,0.0,
2012-09-15,0.0,
2012-09-16,0.0,
2012-09-17,0.0,
2012-09-18,0.0,
2012-09-19,0.0,
2012-09-20,0.0,
2012-09-21,0.0,
2012-09-22,0.0,
2012-09-23,0.0,
2012-09-24,0.0,
2012-09-25,0.0,
2012-09-26,0.0,
2012-09-27,0.0,
2012-09-28,0.0,
2012-09-29,0.0,
2012-09-30,0.0,
2012-10-01,0.0,
2012-10-02,0.0,
2012-10-03,0.0,
2012-10-04,0.0,
2012-10-05,0.0,
2012-10-06,0.0,
2012-10-07,0.0,
2012-10-08,0.0,
2012-10-09,0.0,
2012-10-10,0.0,
2012-10-11,0.0,
2012-10-12,0.0,
2012-10-13,0.0,
2012-10-14,0.0,
2012-10-15,0.0,
2012-10-16,0.0,
2012-10-17,0.004166666666666667,
2012-10-18,0.46249999999999997,
2012-10-19,1.3708333333333333,
2012-10-20,2.6916666666666664,
2012-10-21,4.441666666666666,
2012-10-22,6.575,
2012-10-23,8.870833333333334,
2012-10-24,11.154166666666667,
2012-10-25,13.183333333333332,
2012-10-26,14.8375,
2012-10-27,16.045833333333334,
2012-10-28,16.854166666666668,
2012-10-29,17.304166666666667,
2012-10-30,17.495833333333334,
2012-10-31,17.541666666666668,
2012-11-01,17.495833333333334,
2012-11-02,17.395833333333332,
2012-11-03,17.3,
2012-11-04,17.224999999999998,
2012-11-05,17.25,
2012-11-06,17.354166666666668,
2012-11-07,17.583333333333332,
2012-11-08,17.912499999999998,
2012-11-09,18.349999999999998,
2012-11-10,18.841666666666665,
2012-11-11,19.366666666666667,
2012-11-12,19.929166666666667,
2012-11-13,20.566666666666666,
2012-11-14,21.320833333333333,
2012-11-15,22.2375,
2012-11-16,23.316666666666666,
2012-11-17,24.5,
2012-11-18,25.65833333333333,
2012-11-19,26.679166666666664,
2012-11-20,27.491666666666664,
2012-11-21,28.09583333333333,
2012-11-22,28.520833333333332,
2012-11-23,28.8625,
2012-11-24,29.233333333333334,
2012-11-25,29.775000000000002,
2012-11-26,30.650000000000002,
2012-11-27,31.995833333333334,
2012-11-28,33.925000000000004,
2012-11-29,36.479166666666664,
2012-11-30,39.550000000000004,
2012-12-01,42.916666666666664,
2012-12-02,46.28333333333333,
2012-12-03,49.362500000000004,
2012-12-04,51.9125,
2012-12-05,53.86666666666667,
2012-12-06,55.291666666666664,
2012-12-07,56.34583333333333,
2012-12-08,57.21666666666667,
2012-12-09,58.112500000000004,
2012-12-10,59.1875,
2012-12-11,60.574999999999996,
2012-12-12,62.3375,
2012-12-13,64.47500000000001,
2012-12-14,66.89583333333333,
2012-12-15,69.45833333333333,
2012-12-16,71.99166666666666,
2012-12-17,74.40833333333333,
2012-12-18,76.64999999999999,
2012-12-19,78.75416666666666,
2012-12-20,80.83333333333333,
2012-12-21,83.05416666666666,
2012-12-22,85.53333333333335,
2012-12-23,88.3,
2012-12-24,91.22083333333335,
2012-12-25,94.16666666666667,
2012-12-26,96.96249999999999,
2012-12-27,99.39999999999999,
2012-12-28,101.375,
2012-12-29,102.84583333333335,
2012-12-30,103.87083333333334,
2012-12-31,104.50416666666666,
2013-01-01,104.85416666666667,
2013-01-02,105.04166666666667,
2013-01-03,105.14999999999999,
2013-01-04,105.27499999999999,
2013-01-05,105.47916666666667,
2013-01-06,105.76666666666667,
2013-01-07,106.13333333333333,
2013-01-08,106.54583333333333,
2013-01-09,106.9875,
2013-01-10,107.42083333333333,
2013-01-11,107.78750000000001,
2013-01-12,108.05,
2013-01-13,108.19583333333334,
2013-01-14,108.2,
2013-01-15,108.19583333333334,
2013-01-16,108.07916666666667,
2013-01-17,107.95416666666667,
2013-01-18,107.83333333333333,
2013-01-19,107.74166666666667,
2013-01-20,107.7,
2013-01-21,107.77916666666665,
2013-01-22,107.94583333333334,
2013-01-23,108.21666666666665,
2013-01-24,108.58333333333333,
2013-01-25,109.00833333333333,
2013-01-26,109.42916666666667,
2013-01-27,109.80416666666667,
2013-01-28,110.07499999999999,
2013-01-29,110.23333333333333,
2013-01-30,110.3,
2013-01-31,110.24166666666667,
2013-02-01,110.14999999999999,
2013-02-02,110.02916666666665,
2013-02-03,109.88333333333334,
2013-02-04,109.75833333333333,
2013-02-05,109.65416666666665,
2013-02-06,109.59999999999998,
2013-02-07,109.50833333333333,
2013-02-08,109.5,
2013-02-09,109.5,
2013-02-10,109.5,
2013-02-11,109.5,
2013-02-12,109.41666666666667,
2013-02-13,109.37916666666666,
2013-02-14,109.3,
2013-02-15,109.28333333333335,
2013-02-16,109.23333333333333,
2013-02-17,109.3,
2013-02-18,109.38333333333334,
2013-02-19,109.54583333333333,
2013-02-20,109.72083333333335,
2013-02-21,109.87083333333334,
2013-02-22,109.9875,
2013-02-23,110.0,
2013-02-24,109.93333333333334,
2013-02-25,109.89166666666667,
2013-02-26,109.8,
2013-02-27,109.89583333333333,
2013-02-28,110.08333333333333,
2013-03-01,110.46249999999999,
2013-03-02,111.06666666666666,
2013-03-03,111.90833333333335,
2013-03-04,112.925,
2013-03-05,114.05,
2013-03-06,115.22500000000001,
2013-03-07,116.35416666666667,
2013-03-08,117.33333333333333,
2013-03-09,118.08749999999999,
2013-03-10,118.5625,
2013-03-11,118.77499999999999,
2013-03-12,118.76666666666667,
2013-03-13,118.59583333333335,
2013-03-14,118.34166666666665,
2013-03-15,118.08333333333333,
2013-03-16,117.86666666666667,
2013-03-17,117.72500000000001,
2013-03-18,117.7,
2013-03-19,117.70416666666667,
2013-03-20,117.8,
2013-03-21,117.85416666666667,
2013-03-22,117.8875,
2013-03-23,117.8,
2013-03-24,117.70833333333333,
2013-03-25,117.57499999999999,
2013-03-26,117.47083333333335,
2013-03-27,117.40000000000002,
2013-03-28,117.4375,
2013-03-29,117.60000000000001,
2013-03-30,117.925,
2013-03-31,118.41250000000001,
2013-04-01,119.0125,
2013-04-02,119.65833333333335,
2013-04-03,120.3,
2013-04-04,120.89999999999999,
2013-04-05,121.46666666666665,
2013-04-06,121.9875,
2013-04-07,122.4875,
2013-04-08,122.93333333333334,
2013-04-09,123.35000000000001,
2013-04-10,123.73333333333333,
2013-04-11,124.075,
2013-04-12,124.41666666666667,
2013-04-13,124.73333333333333,
2013-04-14,125.03333333333335,
2013-04-15,125.29583333333333,
2013-04-16,125.40000000000002,
2013-04-17,125.27916666666665,
2013-04-18,124.65833333333335,
2013-04-19,123.40416666666665,
2013-04-20,121.4375,
2013-04-21,118.85833333333333,
2013-04-22,115.74166666666667,
2013-04-23,112.29583333333333,
2013-04-24,108.6375,
2013-04-25,104.89999999999999,
2013-04-26,101.18333333333334,
2013-04-27,97.57083333333333,
2013-04-28,94.16250000000001,
2013-04-29,91.04583333333333,
2013-04-30,88.28333333333335,
2013-05-01,85.925,
2013-05-02,84.00416666666666,
2013-05-03,82.51666666666667,
2013-05-04,81.41250000000001,
2013-05-05,80.63333333333334,
2013-05-06,80.04583333333333,
2013-05-07,79.49166666666666,
2013-05-08,78.7625,
2013-05-09,77.69166666666666,
2013-05-10,76.19166666666666,
2013-05-11,74.20416666666667,
2013-05-12,71.77083333333333,
2013-05-13,69.01666666666667,
2013-05-14,66.09166666666667,
2013-05-15,63.12916666666666,
2013-05-16,60.22083333333333,
2013-05-17,57.36666666666667,
2013-05-18,54.53333333333333,
2013-05-19,51.65416666666667,
2013-05-20,48.6875,
2013-05-21,45.5875,
2013-05-22,42.291666666666664,
2013-05-23,38.729166666666664,
2013-05-24,34.82083333333333,
2013-05-25,30.454166666666666,
2013-05-26,25.666666666666668,
2013-05-27,20.537499999999998,
2013-05-28,15.320833333333333,
2013-05-29,10.470833333333333,
2013-05-30,6.420833333333333,
2013-05-31,3.329166666666667,
2013-06-01,1.2,
2013-06-02,0.0625,
2013-06-03,0.0,
2013-06-04,0.0,
2013-06-05,0.0,
2013-06-06,0.0,
2013-06-07,0.0,
2013-06-08,0.0,
2013-06-09,0.0,
2013-06-10,0.0,
2013-06-11,0.0,
2013-06-12,0.0,
2013-06-13,0.0,
2013-06-14,0.0,
2013-06-15,0.0,
2013-06-16,0.0,
2013-06-17,0.0,
2013-06-18,0.0,
2013-06-19,0.0,
2013-06-20,0.0,
2013-06-21,0.0,
2013-06-22,0.0,
2013-06-23,0.0,
2013-06-24,0.0,
2013-06-25,0.0,
2013-06-26,0.0,
2013-06-27,0.0,
2013-06-28,0.0,
2013-06-29,0.0,
2013-06-30,0.0,
2013-07-01,0.0,
2013-07-02,0.0,
2013-07-03,0.0,
2013-07-04,0.0,
2013-07-05,0.0,
2013-07-06,0.0,
2013-07-07,0.0,
2013-07-08,0.0,
2013-07-09,0.0,
2013-07-10,0.0,
2013-07-11,0.0,
2013-07-12,0.0,
2013-07-13,0.0,
2013-07-14,0.0,
2013-07-15,0.0,
2013-07-16,0.0,
2013-07-17,0.0,
2013-07-18,0.0,
2013-07-19,0.0,
2013-07-20,0.0,
2013-07-21,0.0,
2013-07-22,0.0,
2013-07-23,0.0,
2013-07-24,0.0,
2013-07-25,0.0,
2013-07-26,0.0,
2013-07-27,0.0,
2013-07-28,0.0,
2013-07-29,0.0,
2013-07-30,0.0,
2013-07-31,0.0,
2013-08-01,0.0,
2013-08-02,0.0,
2013-08-03,0.0,
2013-08-04,0.0,
2013-08-05,0.0,
2013-08-06,0.0,
2013-08-07,0.0,
2013-08-08,0.0,
2013-08-09,0.0,
2013-08-10,0.0,
2013-08-11,0.0,
2013-08-12,0.0,
2013-08-13,0.0,
2013-08-14,0.0,
2013-08-15,0.0,
2013-08-16,0.0,
2013-08-17,0.0,
2013-08-18,0.0,
2013-08-19,0.0,
2013-08-20,0.0,
2013-08-21,0.0,
2013-08-22,0.0,
2013-08-23,0.0,
2013-08-24,0.0,
2013-08-25,0.0,
2013-08-26,0.0,
2013-08-27,0.0,
2013-08-28,0.0,
2013-08-29,0.0,
2013-08-30,0.0,
2013-08-31,0.0,
2013-09-01,0.0,
2013-09-02,0.0,
2013-09-03,0.0,
2013-09-04,0.0,
2013-09-05,0.0,
2013-09-06,0.0,
2013-09-07,0.0,
2013-09-08,0.0,
2013-09-09,0.0,
2013-09-10,0.0,
2013-09-11,0.0,
2013-09-12,0.0,
2013-09-13,0.0,
2013-09-14,0.0,
2013-09-15,0.0,
2013-09-16,0.0,
2013-09-17,0.0,
2013-09-18,0.0,
2013-09-19,0.0,
2013-09-20,0.0,
2013-09-21,0.0,
2013-09-22,0.0,
2013-09-23,0.0,
2013-09-24,0.0,
2013-09-25,0.0,
2013-09-26,0.0,
2013-09-27,0.0,
2013-09-28,0.0,
2013-09-29,0.0,
2013-09-30,0.0,
2013-10-01,0.0,
2013-10-02,0.0,
2013-10-03,0.0,
2013-10-04,0.0,
2013-10-05,0.0,
2013-10-06,0.0,
2013-10-07,0.0,
2013-10-08,0.0,
2013-10-09,0.0,
2013-10-10,0.0,
2013-10-11,0.0,
2013-10-12,0.0,
2013-10-13,0.0,
2013-10-14,0.0,
2013-10-15,0.0,
2013-10-16,0.0,
2013-10-17,0.0,
2013-10-18,0.0,
2013-10-19,0.0,
2013-10-20,0.0,
2013-10-21,0.0,
2013-10-22,0.0,
2013-10-23,0.05416666666666667,
2013-10-24,0.37083333333333335,
2013-10-25,0.8166666666666668,
2013-10-26,1.4208333333333334,
2013-10-27,2.1875,
2013-10-28,3.0541666666666667,
2013-10-29,3.9125,
2013-10-30,4.654166666666667,
2013-10-31,5.216666666666667,
2013-11-01,5.6000000000000005,
2013-11-02,5.8374999999999995,
2013-11-03,5.900000000000001,
2013-11-04,5.900000000000001,
2013-11-05,5.854166666666667,
2013-11-06,5.708333333333333,
2013-11-07,5.5125,
2013-11-08,5.2875000000000005,
2013-11-09,5.0249999999999995,
2013-11-10,4.745833333333334,
2013-11-11,4.466666666666667,
2013-11-12,4.183333333333333,
2013-11-13,3.9124999999999996,
2013-11-14,3.6833333333333336,
2013-11-15,3.525,
2013-11-16,3.4499999999999997,
2013-11-17,3.525,
2013-11-18,3.725,
2013-11-19,4.070833333333334,
2013-11-20,4.508333333333334,
2013-11-21,4.9750000000000005,
2013-11-22,5.366666666666667,
2013-11-23,5.641666666666667,
2013-11-24,5.791666666666667,
2013-11-25,5.8,
2013-11-26,5.733333333333333,
2013-11-27,5.625,
2013-11-28,5.520833333333333,
2013-11-29,5.5,
2013-11-30,5.645833333333333,
2013-12-01,6.020833333333333,
2013-12-02,6.741666666666667,
2013-12-03,7.879166666666666,
2013-12-04,9.416666666666666,
2013-12-05,11.345833333333333,
2013-12-06,13.566666666666668,
2013-12-07,15.9125,
2013-12-08,18.087500000000002,
2013-12-09,19.900000000000002,
2013-12-10,21.270833333333332,
2013-12-11,22.195833333333336,
2013-12-12,22.758333333333336,
2013-12-13,23.05,
2013-12-14,23.100000000000005,
2013-12-15,23.100000000000005,
2013-12-16,23.0625,
2013-12-17,23.0,
2013-12-18,23.0,
2013-12-19,23.0,
2013-12-20,23.09166666666667,
2013-12-21,23.179166666666664,
2013-12-22,23.27916666666667,
2013-12-23,23.379166666666666,
2013-12-24,23.458333333333332,
2013-12-25,23.5,
2013-12-26,23.5,
2013-12-27,23.5,
2013-12-28,23.5,
2013-12-29,23.399999999999995,
2013-12-30,23.325,
2013-12-31,23.229166666666668,
2014-01-01,23.133333333333336,
2014-01-02,23.058333333333334,
2014-01-03,23.0,
2014-01-04,22.924999999999997,
2014-01-05,22.899999999999995,
2014-01-06,22.899999999999995,
2014-01-07,22.808333333333334,
2014-01-08,22.8,
2014-01-09,22.8,
2014-01-10,22.8,
2014-01-11,22.8125,
2014-01-12,22.899999999999995,
2014-01-13,22.933333333333334,
2014-01-14,23.0,
2014-01-15,23.0,
2014-01-16,23.0,
2014-01-17,23.0,
2014-01-18,23.0,
2014-01-19,22.912499999999998,
2014-01-20,22.837500000000002,
2014-01-21,22.741666666666664,
2014-01-22,22.637500000000003,
2014-01-23,22.53333333333333,
2014-01-24,22.491666666666664,
2014-01-25,22.458333333333332,
2014-01-26,22.55416666666667,
2014-01-27,22.829166666666666,
2014-01-28,23.34583333333333,
2014-01-29,24.162499999999998,
2014-01-30,25.295833333333334,
2014-01-31,26.675,
2014-02-01,28.208333333333332,
2014-02-02,29.879166666666666,
2014-02-03,31.662499999999998,
2014-02-04,33.59166666666667,
2014-02-05,35.729166666666664,
2014-02-06,38.050000000000004,
2014-02-07,40.5375,
2014-02-08,42.949999999999996,
2014-02-09,45.21666666666667,
2014-02-10,47.09583333333333,
2014-02-11,48.57916666666667,
2014-02-12,49.65833333333333,
2014-02-13,50.42083333333333,
2014-02-14,50.94583333333333,
2014-02-15,51.2875,
2014-02-16,51.47083333333333,
2014-02-17,51.5,
2014-02-18,51.395833333333336,
2014-02-19,51.19583333333333,
2014-02-20,50.97083333333333,
2014-02-21,50.8125,
2014-02-22,50.79999999999999,
2014-02-23,50.958333333333336,
2014-02-24,51.4375,
2014-02-25,52.25416666666666,
2014-02-26,53.4625,
2014-02-27,55.02916666666667,
2014-02-28,56.8375,
2014-03-01,58.7125,
2014-03-02,60.458333333333336,
2014-03-03,61.97083333333333,
2014-03-04,63.18333333333334,
2014-03-05,64.08749999999999,
2014-03-06,64.72500000000001,
2014-03-07,65.14999999999999,
2014-03-08,65.41250000000001,
2014-03-09,65.56666666666666,
2014-03-10,65.66250000000001,
2014-03-11,65.7,
2014-03-12,65.7,
2014-03-13,65.61666666666666,
2014-03-14,65.50833333333334,
2014-03-15,65.32916666666667,
2014-03-16,65.1,
2014-03-17,64.8125,
2014-03-18,64.47916666666667,
2014-03-19,64.125,
2014-03-20,63.762499999999996,
2014-03-21,63.42916666666667,
2014-03-22,63.17083333333334,
2014-03-23,63.025,
2014-03-24,63.074999999999996,
2014-03-25,63.354166666666664,
2014-03-26,63.90416666666667,
2014-03-27,64.72500000000001,
2014-03-28,65.8,
2014-03-29,67.05416666666666,
2014-03-30,68.47083333333333,
2014-03-31,69.92916666666666,
2014-04-01,71.32083333333334,
2014-04-02,72.52499999999999,
2014-04-03,73.45833333333333,
2014-04-04,74.05416666666666,
2014-04-05,74.34166666666667,
2014-04-06,74.27916666666667,
2014-04-07,73.96249999999999,
2014-04-08,73.41666666666667,
2014-04-09,72.68333333333334,
2014-04-10,71.80833333333334,
2014-04-11,70.8125,
2014-04-12,69.7,
2014-04-13,68.45833333333333,
2014-04-14,67.07083333333334,
2014-04-15,65.5625,
2014-04-16,63.9625,
2014-04-17,62.333333333333336,
2014-04-18,60.75416666666666,
2014-04-19,59.32916666666667,
2014-04-20,58.15,
2014-04-21,57.29583333333333,
2014-04-22,56.849999999999994,
2014-04-23,56.775,
2014-04-24,57.1,
2014-04-25,57.729166666666664,
2014-04-26,58.475,
2014-04-27,59.104166666666664,
2014-04-28,59.449999999999996,
2014-04-29,59.4,
2014-04-30,58.98333333333333,
2014-05-01,58.262499999999996,
2014-05-02,57.3375,
2014-05-03,56.32083333333333,
2014-05-04,55.34166666666667,
2014-05-05,54.42916666666667,
2014-05-06,53.61666666666667,
2014-05-07,52.84583333333333,
2014-05-08,51.99583333333334,
2014-05-09,51.00833333333333,
2014-05-10,49.791666666666664,
2014-05-11,48.275,
2014-05-12,46.4,
2014-05-13,44.137499999999996,
2014-05-14,41.479166666666664,
2014-05-15,38.487500000000004,
2014-05-16,35.21666666666667,
2014-05-17,31.766666666666666,
2014-05-18,28.195833333333336,
2014-05-19,24.537499999999998,
2014-05-20,20.849999999999998,
2014-05-21,17.1125,
2014-05-22,13.354166666666666,
2014-05-23,9.683333333333334,
2014-05-24,6.404166666666666,
2014-05-25,3.766666666666667,
2014-05-26,1.7958333333333334,
2014-05-27,0.4791666666666667,
2014-05-28,0.0,
2014-05-29,0.0,
2014-05-30,0.0,
2014-05-31,0.0,
2014-06-01,0.0,
2014-06-02,0.0,
2014-06-03,0.0,
2014-06-04,0.0,
2014-06-05,0.0,
2014-06-06,0.0,
2014-06-07,0.0,
2014-06-08,0.0,
2014-06-09,0.0,
2014-06-10,0.0,
2014-06-11,0.0,
2014-06-12,0.0,
2014-06-13,0.0,
2014-06-14,0.0,
2014-06-15,0.0,
2014-06-16,0.0,
2014-06-17,0.0,
2014-06-18,0.0,
2014-06-19,0.0,
2014-06-20,0.0,
2014-06-21,0.0,
2014-06-22,0.0,
2014-06-23,0.0,
2014-06-24,0.0,
2014-06-25,0.0,
2014-06-26,0.0,
2014-06-27,0.0,
2014-06-28,0.0,
2014-06-29,0.0,
2014-06-30,0.0,
2014-07-01,0.0,
2014-07-02,0.0,
2014-07-03,0.0,
2014-07-04,0.0,
2014-07-05,0.0,
2014-07-06,0.0,
2014-07-07,0.0,
2014-07-08,0.0,
2014-07-09,0.0,
2014-07-10,0.0,
2014-07-11,0.0,
2014-07-12,0.0,
2014-07-13,0.0,
2014-07-14,0.0,
2014-07-15,0.0,
2014-07-16,0.0,
2014-07-17,0.0,
2014-07-18,0.0,
2014-07-19,0.0,
2014-07-20,0.0,
2014-07-21,0.0,
2014-07-22,0.0,
2014-07-23,0.0,
2014-07-24,0.0,
2014-07-25,0.0,
2014-07-26,0.0,
2014-07-27,0.0,
2014-07-28,0.0,
2014-07-29,0.0,
2014-07-30,0.0,
2014-07-31,0.0,
2014-08-01,0.0,
2014-08-02,0.0,
2014-08-03,0.0,
2014-08-04,0.0,
2014-08-05,0.0,
2014-08-06,0.0,
2014-08-07,0.0,
2014-08-08,0.0,
2014-08-09,0.0,
2014-08-10,0.0,
2014-08-11,0.0,
2014-08-12,0.0,
2014-08-13,0.0,
2014-08-14,0.0,
2014-08-15,0.0,
2014-08-16,0.0,
2014-08-17,0.0,
2014-08-18,0.0,
2014-08-19,0.0,
2014-08-20,0.0,
2014-08-21,0.0,
2014-08-22,0.0,
2014-08-23,0.0,
2014-08-24,0.0,
2014-08-25,0.0,
2014-08-26,0.0,
2014-08-27,0.0,
2014-08-28,0.0,
2014-08-29,0.0,
2014-08-30,0.0,
2014-08-31,0.0,
2014-09-01,0.0,
2014-09-02,0.0,
2014-09-03,0.0,
2014-09-04,0.0,
2014-09-05,0.0,
2014-09-06,0.0,
2014-09-07,0.0,
2014-09-08,0.0,
2014-09-09,0.0,
2014-09-10,0.0,
2014-09-11,0.0,
2014-09-12,0.0,
2014-09-13,0.0,
2014-09-14,0.0,
2014-09-15,0.0,
2014-09-16,0.0,
2014-09-17,0.0,
2014-09-18,0.0,
2014-09-19,0.0,
2014-09-20,0.0,
2014-09-21,0.0,
2014-09-22,0.0,
2014-09-23,0.0,
2014-09-24,0.0,
2014-09-25,0.0,
2014-09-26,0.0,
2014-09-27,0.0,
2014-09-28,0.0,
2014-09-29,0.0,
2014-09-30,0.0,
2014-10-01,0.0,
2014-10-02,0.0,
2014-10-03,0.0,
2014-10-04,0.0,
2014-10-05,0.0,
2014-10-06,0.0,
2014-10-07,0.0,
2014-10-08,0.0,
2014-10-09,0.0,
2014-10-10,0.0,
2014-10-11,0.0,
2014-10-12,0.0,
2014-10-13,0.0,
2014-10-14,0.0,
2014-10-15,0.0,
2014-10-16,0.0,
2014-10-17,0.0,
2014-10-18,0.0,
2014-10-19,0.0,
2014-10-20,0.0,
2014-10-21,0.0,
2014-10-22,0.0,
2014-10-23,0.0,
2014-10-24,0.0,
2014-10-25,0.0,
2014-10-26,0.0,
2014-10-27,0.12916666666666668,
2014-10-28,0.44166666666666665,
2014-10-29,0.875,
2014-10-30,1.4416666666666667,
2014-10-31,2.1333333333333333,
2014-11-01,2.875,
2014-11-02,3.545833333333333,
2014-11-03,4.083333333333333,
2014-11-04,4.416666666666667,
2014-11-05,4.566666666666666,
2014-11-06,4.504166666666666,
2014-11-07,4.3125,
2014-11-08,4.008333333333334,
2014-11-09,3.6333333333333333,
2014-11-10,3.225,
2014-11-11,2.8041666666666667,
2014-11-12,2.408333333333333,
2014-11-13,2.0416666666666665,
2014-11-14,1.7,
2014-11-15,1.375,
2014-11-16,1.0875000000000001,
2014-11-17,0.8416666666666667,
2014-11-18,0.6625,
2014-11-19,0.5875,
2014-11-20,0.5,
2014-11-21,0.5583333333333333,
2014-11-22,0.6,
2014-11-23,0.6625,
2014-11-24,0.6999999999999998,
2014-11-25,0.8000000000000002,
2014-11-26,0.9208333333333334,
2014-11-27,1.0958333333333334,
2014-11-28,1.3499999999999999,
2014-11-29,1.7125000000000001,
2014-11-30,2.183333333333333,
2014-12-01,2.7583333333333333,
2014-12-02,3.391666666666667,
2014-12-03,4.0249999999999995,
2014-12-04,4.595833333333333,
2014-12-05,5.079166666666667,
2014-12-06,5.470833333333334,
2014-12-07,5.7875000000000005,
2014-12-08,6.0874999999999995,
2014-12-09,6.420833333333333,
2014-12-10,6.866666666666667,
2014-12-11,7.508333333333333,
2014-12-12,8.375,
2014-12-13,9.470833333333333,
2014-12-14,10.775,
2014-12-15,12.233333333333334,
2014-12-16,13.799999999999999,
2014-12-17,15.387500000000001,
2014-12-18,16.958333333333332,
2014-12-19,18.474999999999998,
2014-12-20,19.858333333333334,
2014-12-21,21.0125,
2014-12-22,21.912499999999998,
2014-12-23,22.566666666666666,
2014-12-24,23.020833333333332,
2014-12-25,23.308333333333334,
2014-12-26,23.504166666666666,
2014-12-27,23.645833333333332,
2014-12-28,23.7625,
2014-12-29,23.870833333333334,
2014-12-30,23.96666666666667,
2014-12-31,24.0,
2015-01-01,24.0,
2015-01-02,24.0,
2015-01-03,23.9875,
2015-01-04,23.899999999999995,
2015-01-05,23.899999999999995,
2015-01-06,23.870833333333334,
2015-01-07,23.837500000000002,
2015-01-08,23.899999999999995,
2015-01-09,23.899999999999995,
2015-01-10,23.958333333333332,
2015-01-11,24.0,
2015-01-12,24.075000000000003,
2015-01-13,24.100000000000005,
2015-01-14,24.100000000000005,
2015-01-15,24.100000000000005,
2015-01-16,24.100000000000005,
2015-01-17,24.025000000000002,
2015-01-18,24.0,
2015-01-19,24.0,
2015-01-20,24.0,
2015-01-21,24.0,
2015-01-22,24.0,
2015-01-23,23.912499999999998,
2015-01-24,23.899999999999995,
2015-01-25,23.899999999999995,
2015-01-26,23.912499999999998,
2015-01-27,24.0,
2015-01-28,24.0,
2015-01-29,24.0,
2015-01-30,24.0,
2015-01-31,24.100000000000005,
2015-02-01,24.212500000000002,
2015-02-02,24.445833333333336,
2015-02-03,24.8625,
2015-02-04,25.52916666666667,
2015-02-05,26.47083333333333,
2015-02-06,27.704166666666666,
2015-02-07,29.15416666666667,
2015-02-08,30.691666666666666,
2015-02-09,32.13333333333333,
2015-02-10,33.35,
2015-02-11,34.275,
2015-02-12,34.925000000000004,
2015-02-13,35.354166666666664,
2015-02-14,35.62083333333334,
2015-02-15,35.791666666666664,
2015-02-16,35.9375,
2015-02-17,36.0875,
2015-02-18,36.3,
2015-02-19,36.59583333333334,
2015-02-20,36.983333333333334,
2015-02-21,37.458333333333336,
2015-02-22,38.025,
2015-02-23,38.62916666666667,
2015-02-24,39.275,
2015-02-25,39.920833333333334,
2015-02-26,40.59166666666667,
2015-02-27,41.270833333333336,
2015-02-28,41.9375,
2015-03-01,42.5625,
2015-03-02,43.09166666666667,
2015-03-03,43.5,
2015-03-04,43.775,
2015-03-05,43.925000000000004,
2015-03-06,44.0,
2015-03-07,43.979166666666664,
2015-03-08,43.9,
2015-03-09,43.9,
2015-03-10,43.79999999999999,
2015-03-11,43.79999999999999,
2015-03-12,43.79999999999999,
2015-03-13,43.775,
2015-03-14,43.6875,
2015-03-15,43.59166666666667,
2015-03-16,43.49583333333334,
2015-03-17,43.39166666666666,
2015-03-18,43.270833333333336,
2015-03-19,43.12916666666667,
2015-03-20,42.925000000000004,
2015-03-21,42.67916666666667,
2015-03-22,42.375,
2015-03-23,42.012499999999996,
2015-03-24,41.55416666666667,
2015-03-25,40.949999999999996,
2015-03-26,40.170833333333334,
2015-03-27,39.229166666666664,
2015-03-28,38.145833333333336,
2015-03-29,37.0,
2015-03-30,35.800000000000004,
2015-03-31,34.65416666666667,
2015-04-01,33.625,
2015-04-02,32.725,
2015-04-03,32.016666666666666,
2015-04-04,31.52916666666667,
2015-04-05,31.3125,
2015-04-06,31.337500000000002,
2015-04-07,31.570833333333336,
2015-04-08,31.90416666666667,
2015-04-09,32.1875,
2015-04-10,32.3,
2015-04-11,32.262499999999996,
2015-04-12,31.974999999999998,
2015-04-13,31.4375,
2015-04-14,30.662499999999998,
2015-04-15,29.641666666666666,
2015-04-16,28.379166666666666,
2015-04-17,26.891666666666666,
2015-04-18,25.291666666666668,
2015-04-19,23.666666666666668,
2015-04-20,22.087500000000002,
2015-04-21,20.650000000000002,
2015-04-22,19.3625,
2015-04-23,18.245833333333334,
2015-04-24,17.208333333333332,
2015-04-25,16.1375,
2015-04-26,14.862499999999999,
2015-04-27,13.262500000000001,
2015-04-28,11.275,
2015-04-29,9.033333333333333,
2015-04-30,6.670833333333333,
2015-05-01,4.504166666666666,
2015-05-02,2.720833333333333,
2015-05-03,1.3708333333333333,
2015-05-04,0.46249999999999997,
2015-05-05,0.004166666666666667,
2015-05-06,0.0,
2015-05-07,0.0,
2015-05-08,0.0,
2015-05-09,0.0,
2015-05-10,0.0,
2015-05-11,0.0,
2015-05-12,0.0,
2015-05-13,0.0,
2015-05-14,0.0,
2015-05-15,0.0,
2015-05-16,0.0,
2015-05-17,0.0,
2015-05-18,0.0,
2015-05-19,0.0,
2015-05-20,0.0,
2015-05-21,0.0,
2015-05-22,0.0,
2015-05-23,0.0,
2015-05-24,0.0,
2015-05-25,0.0,
2015-05-26,0.0,
2015-05-27,0.0,
2015-05-28,0.0,
2015-05-29,0.0,
2015-05-30,0.0,
2015-05-31,0.0,
2015-06-01,0.0,
2015-06-02,0.0,
2015-06-03,0.0,
2015-06-04,0.0,
2015-06-05,0.0,
2015-06-06,0.0,
2015-06-07,0.0,
2015-06-08,0.0,
2015-06-09,0.0,
2015-06-10,0.0,
2015-06-11,0.0,
2015-06-12,0.0,
2015-06-13,0.0,
2015-06-14,0.0,
2015-06-15,0.0,
2015-06-16,0.0,
2015-06-17,0.0,
2015-06-18,0.0,
2015-06-19,0.0,
2015-06-20,0.0,
2015-06-21,0.0,
2015-06-22,0.0,
2015-06-23,0.0,
2015-06-24,0.0,
2015-06-25,0.0,
2015-06-26,0.0,
2015-06-27,0.0,
2015-06-28,0.0,
2015-06-29,0.0,
2015-06-30,0.0,
2015-07-01,0.0,
2015-07-02,0.0,
2015-07-03,0.0,
2015-07-04,0.0,
2015-07-05,0.0,
2015-07-06,0.0,
2015-07-07,0.0,
2015-07-08,0.0,
2015-07-09,0.0,
2015-07-10,0.0,
2015-07-11,0.0,
2015-07-12,0.0,
2015-07-13,0.0,
2015-07-14,0.0,
2015-07-15,0.0,
2015-07-16,0.0,
2015-07-17,0.0,
2015-07-18,0.0,
2015-07-19,0.0,
2015-07-20,0.0,
2015-07-21,0.0,
2015-07-22,0.0,
2015-07-23,0.0,
2015-07-24,0.0,
2015-07-25,0.0,
2015-07-26,0.0,
2015-07-27,0.0,
2015-07-28,0.0,
2015-07-29,0.0,
2015-07-30,0.0,
2015-07-31,0.0,
2015-08-01,0.0,
2015-08-02,0.0,
2015-08-03,0.0,
2015-08-04,0.0,
2015-08-05,0.0,
2015-08-06,0.0,
2015-08-07,0.0,
2015-08-08,0.0,
2015-08-09,0.0,
2015-08-10,0.0,
2015-08-11,0.0,
2015-08-12,0.0,
2015-08-13,0.0,
2015-08-14,0.0,
2015-08-15,0.0,
2015-08-16,0.0,
2015-08-17,0.0,
2015-08-18,0.0,
2015-08-19,0.0,
2015-08-20,0.0,
2015-08-21,0.0,
2015-08-22,0.0,
2015-08-23,0.0,
2015-08-24,0.0,
2015-08-25,0.0,
2015-08-26,0.0,
2015-08-27,0.0,
2015-08-28,0.0,
2015-08-29,0.0,
2015-08-30,0.0,
2015-08-31,0.0,
2015-09-01,0.0,
2015-09-02,0.0,
2015-09-03,0.0,
2015-09-04,0.0,
2015-09-05,0.0,
2015-09-06,0.0,
2015-09-07,0.0,
2015-09-08,0.0,
2015-09-09,0.0,
2015-09-10,0.0,
2015-09-11,0.0,
2015-09-12,0.0,
2015-09-13,0.0,
2015-09-14,0.0,
2015-09-15,0.0,
2015-09-16,0.0,
2015-09-17,0.0,
2015-09-18,0.0,
2015-09-19,0.0,
2015-09-20,0.0,
2015-09-21,0.0,
2015-09-22,0.0,
2015-09-23,0.0,
2015-09-24,0.0,
2015-09-25,0.0,
2015-09-26,0.0,
2015-09-27,0.0,
2015-09-28,0.0,
2015-09-29,0.0,
2015-09-30,0.0,
2015-10-01,0.0,
2015-10-02,0.0,
2015-10-03,0.0,
2015-10-04,0.0,
2015-10-05,0.0,
2015-10-06,0.0,
2015-10-07,0.0,
2015-10-08,0.0,
2015-10-09,0.0,
2015-10-10,0.0,
2015-10-11,0.0,
2015-10-12,0.0,
2015-10-13,0.0,
2015-10-14,0.0,
2015-10-15,0.0,
2015-10-16,0.0,
2015-10-17,0.0,
2015-10-18,0.0,
2015-10-19,0.0,
2015-10-20,0.0,
2015-10-21,0.0,
2015-10-22,0.0,
2015-10-23,0.0,
2015-10-24,0.0,
2015-10-25,0.0,
2015-10-26,0.0,
2015-10-27,0.0,
2015-10-28,0.0,
2015-10-29,0.2125,
2015-10-30,0.6333333333333333,
2015-10-31,1.2333333333333334,
2015-11-01,2.0208333333333335,
2015-11-02,2.970833333333333,
2015-11-03,3.9916666666666667,
2015-11-04,4.995833333333334,
2015-11-05,5.945833333333333,
2015-11-06,6.8625,
2015-11-07,7.783333333333334,
2015-11-08,8.741666666666667,
2015-11-09,9.716666666666667,
2015-11-10,10.645833333333334,
2015-11-11,11.450000000000001,
2015-11-12,12.1,
2015-11-13,12.625,
2015-11-14,13.041666666666666,
2015-11-15,13.366666666666667,
2015-11-16,13.612499999999999,
2015-11-17,13.775,
2015-11-18,13.9,
2015-11-19,14.0,
2015-11-20,14.125,
2015-11-21,14.295833333333334,
2015-11-22,14.5625,
2015-11-23,14.941666666666668,
2015-11-24,15.424999999999999,
2015-11-25,15.983333333333334,
2015-11-26,16.55,
2015-11-27,17.087500000000002,
2015-11-28,17.5625,
2015-11-29,17.970833333333335,
2015-11-30,18.308333333333334,
2015-12-01,18.566666666666666,
2015-12-02,18.745833333333334,
2015-12-03,18.870833333333334,
2015-12-04,18.974999999999998,
2015-12-05,19.075,
2015-12-06,19.224999999999998,
2015-12-07,19.441666666666666,
2015-12-08,19.804166666666667,
2015-12-09,20.325,
2015-12-10,21.025000000000002,
2015-12-11,21.84166666666667,
2015-12-12,22.72083333333333,
2015-12-13,23.620833333333334,
2015-12-14,24.53333333333333,
2015-12-15,25.504166666666666,
2015-12-16,26.629166666666666,
2015-12-17,28.066666666666666,
2015-12-18,29.945833333333336,
2015-12-19,32.387499999999996,
2015-12-20,35.362500000000004,
2015-12-21,38.708333333333336,
2015-12-22,42.15833333333333,
2015-12-23,45.387499999999996,
2015-12-24,48.137499999999996,
2015-12-25,50.38333333333333,
2015-12-26,52.09166666666667,
2015-12-27,53.375,
2015-12-28,54.31666666666666,
2015-12-29,55.012499999999996,
2015-12-30,55.520833333333336,
2015-12-31,55.949999999999996,
2016-01-01,56.375,
2016-01-02,56.89166666666667,
2016-01-03,57.583333333333336,
2016-01-04,58.479166666666664,
2016-01-05,59.6,
2016-01-06,60.85,
2016-01-07,62.12916666666666,
2016-01-08,63.34166666666667,
2016-01-09,64.4375,
2016-01-10,65.44166666666666,
2016-01-11,66.38333333333334,
2016-01-12,67.34583333333333,
2016-01-13,68.41250000000001,
2016-01-14,69.625,
2016-01-15,70.99583333333334,
2016-01-16,72.47916666666667,
2016-01-17,74.0125,
2016-01-18,75.58749999999999,
2016-01-19,77.2,
2016-01-20,78.84583333333333,
2016-01-21,80.50833333333334,
2016-01-22,82.2,
2016-01-23,83.8875,
2016-01-24,85.47916666666667,
2016-01-25,86.96249999999999,
2016-01-26,88.3625,
2016-01-27,89.77916666666665,
2016-01-28,91.31666666666666,
2016-01-29,93.03333333333335,
2016-01-30,94.89166666666667,
2016-01-31,96.7375,
2016-02-01,98.39166666666667,
2016-02-02,99.7375,
2016-02-03,100.72916666666667,
2016-02-04,101.39999999999999,
2016-02-05,101.8,
2016-02-06,101.98333333333333,
2016-02-07,102.0,
2016-02-08,101.97083333333335,
2016-02-09,101.86666666666667,
2016-02-10,101.76666666666667,
2016-02-11,101.7,
2016-02-12,101.73333333333333,
2016-02-13,101.89999999999999,
2016-02-14,102.23333333333333,
2016-02-15,102.76666666666667,
2016-02-16,103.52499999999999,
2016-02-17,104.47500000000001,
2016-02-18,105.53333333333335,
2016-02-19,106.575,
2016-02-20,107.47500000000001,
2016-02-21,108.17083333333333,
2016-02-22,108.65833333333335,
2016-02-23,108.9375,
2016-02-24,109.0625,
2016-02-25,109.02916666666665,
2016-02-26,108.95,
2016-02-27,108.90000000000002,
2016-02-28,108.90000000000002,
2016-02-29,109.09166666666665,
2016-03-01,109.6125,
2016-03-02,110.57916666666667,
2016-03-03,112.10000000000001,
2016-03-04,114.25,
2016-03-05,116.92083333333333,
2016-03-06,119.97916666666667,
2016-03-07,123.1125,
2016-03-08,126.10833333333333,
2016-03-09,128.875,
2016-03-10,131.43333333333334,
2016-03-11,133.70000000000002,
2016-03-12,135.725,
2016-03-13,137.34583333333333,
2016-03-14,138.54583333333332,
2016-03-15,139.3375,
2016-03-16,139.76666666666668,
2016-03-17,139.93333333333334,
2016-03-18,139.90416666666667,
2016-03-19,139.8125,
2016-03-20,139.65833333333333,
2016-03-21,139.53333333333333,
2016-03-22,139.42916666666667,
2016-03-23,139.37083333333334,
2016-03-24,139.3,
2016-03-25,139.3,
2016-03-26,139.3,
2016-03-27,139.35833333333335,
2016-03-28,139.41666666666666,
2016-03-29,139.5,
2016-03-30,139.5,
2016-03-31,139.36666666666667,
2016-04-01,139.14583333333334,
2016-04-02,138.78333333333333,
2016-04-03,138.32916666666668,
2016-04-04,137.83333333333334,
2016-04-05,137.35,
2016-04-06,136.92083333333332,
2016-04-07,136.59583333333333,
2016-04-08,136.39166666666668,
2016-04-09,136.3,
2016-04-10,136.20833333333334,
2016-04-11,136.10416666666666,
2016-04-12,135.89166666666668,
2016-04-13,135.5375,
2016-04-14,135.04583333333332,
2016-04-15,134.39166666666668,
2016-04-16,133.60833333333332,
2016-04-17,132.74583333333334,
2016-04-18,131.9,
2016-04-19,131.13750000000002,
2016-04-20,130.475,
2016-04-21,129.9625,
2016-04-22,129.61666666666665,
2016-04-23,129.44166666666666,
2016-04-24,129.4,
2016-04-25,129.50833333333333,
2016-04-26,129.63333333333333,
2016-04-27,129.75416666666666,
2016-04-28,129.8,
2016-04-29,129.8,
2016-04-30,129.67916666666665,
2016-05-01,129.44583333333335,
2016-05-02,129.125,
2016-05-03,128.70833333333334,
2016-05-04,128.25,
2016-05-05,127.73333333333333,
2016-05-06,127.14166666666667,
2016-05-07,126.39583333333333,
2016-05-08,125.35833333333333,
2016-05-09,123.9375,
2016-05-10,122.05416666666667,
2016-05-11,119.67083333333333,
2016-05-12,116.80833333333334,
2016-05-13,113.575,
2016-05-14,110.09166666666665,
2016-05-15,106.45416666666667,
2016-05-16,102.85416666666667,
2016-05-17,99.37916666666666,
2016-05-18,96.17083333333333,
2016-05-19,93.32916666666667,
2016-05-20,90.97500000000001,
2016-05-21,89.09583333333335,
2016-05-22,87.6375,
2016-05-23,86.48333333333333,
2016-05-24,85.44583333333333,
2016-05-25,84.37916666666666,
2016-05-26,83.13333333333334,
2016-05-27,81.55833333333334,
2016-05-28,79.52916666666667,
2016-05-29,77.0,
2016-05-30,73.87916666666666,
2016-05-31,70.14583333333333,
2016-06-01,65.825,
2016-06-02,60.925000000000004,
2016-06-03,55.52916666666667,
2016-06-04,49.68333333333334,
2016-06-05,43.42916666666667,
2016-06-06,36.891666666666666,
2016-06-07,30.204166666666666,
2016-06-08,23.583333333333332,
2016-06-09,17.320833333333333,
2016-06-10,11.745833333333332,
2016-06-11,7.141666666666667,
2016-06-12,3.6625,
2016-06-13,1.2625,
2016-06-14,0.049999999999999996,
2016-06-15,0.0,
2016-06-16,0.0,
2016-06-17,0.0,
2016-06-18,0.0,
2016-06-19,0.0,
2016-06-20,0.0,
2016-06-21,0.0,
2016-06-22,0.0,
2016-06-23,0.0,
2016-06-24,0.0,
2016-06-25,0.0,
2016-06-26,0.0,
2016-06-27,0.0,
2016-06-28,0.0,
2016-06-29,0.0,
2016-06-30,0.0,
2016-07-01,0.0,
2016-07-02,0.0,
2016-07-03,0.0,
2016-07-04,0.0,
2016-07-05,0.0,
2016-07-06,0.0,
2016-07-07,0.0,
2016-07-08,0.0,
2016-07-09,0.0,
2016-07-10,0.0,
2016-07-11,0.0,
2016-07-12,0.0,
2016-07-13,0.0,
2016-07-14,0.0,
2016-07-15,0.0,
2016-07-16,0.0,
2016-07-17,0.0,
2016-07-18,0.0,
2016-07-19,0.0,
2016-07-20,0.0,
2016-07-21,0.0,
2016-07-22,0.0,
2016-07-23,0.0,
2016-07-24,0.0,
2016-07-25,0.0,
2016-07-26,0.0,
2016-07-27,0.0,
2016-07-28,0.0,
2016-07-29,0.0,
2016-07-30,0.0,
2016-07-31,0.0,
2016-08-01,0.0,
2016-08-02,0.0,
2016-08-03,0.0,
2016-08-04,0.0,
2016-08-05,0.0,
2016-08-06,0.0,
2016-08-07,0.0,
2016-08-08,0.0,
2016-08-09,0.0,
2016-08-10,0.0,
2016-08-11,0.0,
2016-08-12,0.0,
2016-08-13,0.0,
2016-08-14,0.0,
2016-08-15,0.0,
2016-08-16,0.0,
2016-08-17,0.0,
2016-08-18,0.0,
2016-08-19,0.0,
2016-08-20,0.0,
2016-08-21,0.0,
2016-08-22,0.0,
2016-08-23,0.0,
2016-08-24,0.0,
2016-08-25,0.0,
2016-08-26,0.0,
2016-08-27,0.0,
2016-08-28,0.0,
2016-08-29,0.0,
2016-08-30,0.0,
2016-08-31,0.0,
2016-09-01,0.0,
2016-09-02,0.0,
2016-09-03,0.0,
2016-09-04,0.0,
2016-09-05,0.0,
2016-09-06,0.0,
2016-09-07,0.0,
2016-09-08,0.0,
2016-09-09,0.0,
2016-09-10,0.0,
2016-09-11,0.0,
2016-09-12,0.0,
2016-09-13,0.0,
2016-09-14,0.0,
2016-09-15,0.0,
2016-09-16,0.0,
2016-09-17,0.0,
2016-09-18,0.0,
2016-09-19,0.0,
2016-09-20,0.0,
2016-09-21,0.0,
2016-09-22,0.0,
2016-09-23,0.0,
2016-09-24,0.0,
2016-09-25,0.0,
2016-09-26,0.0,
2016-09-27,0.0,
2016-09-28,0.0,
2016-09-29,0.0,
2016-09-30,0.0,
2016-10-01,0.0,
2016-10-02,0.0,
2016-10-03,0.0,
2016-10-04,0.0,
2016-10-05,0.0,
2016-10-06,0.0,
2016-10-07,0.0,
2016-10-08,0.0,
2016-10-09,0.0,
2016-10-10,0.0,
2016-10-11,0.0,
2016-10-12,0.0,
2016-10-13,0.0,
2016-10-14,0.0,
2016-10-15,0.0,
2016-10-16,0.0,
2016-10-17,0.0,
2016-10-18,0.0,
2016-10-19,0.0,
2016-10-20,0.0,
2016-10-21,0.0,
2016-10-22,0.0,
2016-10-23,0.0,
2016-10-24,0.0,
2016-10-25,0.0,
2016-10-26,0.0,
2016-10-27,0.0,
2016-10-28,0.0,
2016-10-29,0.0,
2016-10-30,0.0,
2016-10-31,0.0,
2016-11-01,0.0,
2016-11-02,0.0,
2016-11-03,0.0,
2016-11-04,0.0,
2016-11-05,0.0,
2016-11-06,0.0,
2016-11-07,0.0,
2016-11-08,0.0,
2016-11-09,0.0,
2016-11-10,0.0,
2016-11-11,0.0,
2016-11-12,0.0,
2016-11-13,0.0,
2016-11-14,0.0,
2016-11-15,0.0,
2016-11-16,0.0,
2016-11-17,0.0,
2016-11-18,0.0,
2016-11-19,0.0,
2016-11-20,0.0,
2016-11-21,0.0,
2016-11-22,0.09999999999999999,
2016-11-23,0.7291666666666666,
2016-11-24,1.7208333333333332,
2016-11-25,3.1125000000000003,
2016-11-26,4.891666666666667,
2016-11-27,6.945833333333333,
2016-11-28,9.025,
2016-11-29,10.9,
2016-11-30,12.404166666666667,
2016-12-01,13.529166666666667,
2016-12-02,14.333333333333334,
2016-12-03,14.933333333333332,
2016-12-04,15.458333333333334,
2016-12-05,16.066666666666666,
2016-12-06,16.8875,
2016-12-07,18.033333333333335,
2016-12-08,19.583333333333332,
2016-12-09,21.53333333333333,
2016-12-10,23.854166666666668,
2016-12-11,26.425,
2016-12-12,29.120833333333334,
2016-12-13,31.891666666666666,
2016-12-14,34.675000000000004,
2016-12-15,37.40416666666667,
2016-12-16,39.94166666666667,
2016-12-17,42.083333333333336,
2016-12-18,43.80833333333334,
2016-12-19,45.15833333333333,
2016-12-20,46.270833333333336,
2016-12-21,47.24166666666667,
2016-12-22,48.208333333333336,
2016-12-23,49.22083333333333,
2016-12-24,50.27916666666667,
2016-12-25,51.333333333333336,
2016-12-26,52.354166666666664,
2016-12-27,53.29583333333333,
2016-12-28,54.11666666666667,
2016-12-29,54.86666666666667,
2016-12-30,55.65833333333333,
2016-12-31,56.645833333333336,
2017-01-01,58.07916666666667,
2017-01-02,60.175000000000004,
2017-01-03,63.145833333333336,
2017-01-04,67.08749999999999,
2017-01-05,71.95,
2017-01-06,77.67916666666666,
2017-01-07,84.14166666666667,
2017-01-08,91.10833333333333,
2017-01-09,98.14583333333333,
2017-01-10,104.76666666666667,
2017-01-11,110.55833333333334,
2017-01-12,115.36666666666667,
2017-01-13,119.2375,
2017-01-14,122.40833333333335,
2017-01-15,125.24166666666667,
2017-01-16,128.1875,
2017-01-17,131.64583333333334,
2017-01-18,135.85833333333332,
2017-01-19,140.89583333333334,
2017-01-20,146.49166666666667,
2017-01-21,152.27083333333334,
2017-01-22,157.75,
2017-01-23,162.46666666666667,
2017-01-24,166.15416666666667,
2017-01-25,168.73749999999998,
2017-01-26,170.32500000000002,
2017-01-27,171.15416666666667,
2017-01-28,171.47083333333333,
2017-01-29,171.59583333333333,
2017-01-30,171.7541666666667,
2017-01-31,172.2458333333333,
2017-02-01,173.29583333333335,
2017-02-02,175.0875,
2017-02-03,177.67916666666667,
2017-02-04,181.0375,
2017-02-05,185.04166666666666,
2017-02-06,189.52916666666667,
2017-02-07,194.29999999999998,
2017-02-08,199.0666666666667,
2017-02-09,203.5583333333333,
2017-02-10,207.53333333333333,
2017-02-11,210.83333333333334,
2017-02-12,213.375,
2017-02-13,215.2541666666667,
2017-02-14,216.73333333333335,
2017-02-15,218.02083333333334,
2017-02-16,219.375,
2017-02-17,220.9125,
2017-02-18,222.66666666666666,
2017-02-19,224.53333333333333,
2017-02-20,226.3708333333333,
2017-02-21,228.0583333333333,
2017-02-22,229.475,
2017-02-23,230.60833333333335,
2017-02-24,231.475,
2017-02-25,232.1,
2017-02-26,232.53333333333333,
2017-02-27,232.7875,
2017-02-28,232.9,
2017-03-01,232.9,
2017-03-02,232.87083333333337,
2017-03-03,232.74166666666667,
2017-03-04,232.54999999999998,
2017-03-05,232.3375,
2017-03-06,232.1208333333333,
2017-03-07,231.90416666666667,
2017-03-08,231.6875,
2017-03-09,231.47083333333333,
2017-03-10,231.22083333333333,
2017-03-11,230.96666666666667,
2017-03-12,230.65833333333333,
2017-03-13,230.32916666666665,
2017-03-14,229.96666666666667,
2017-03-15,229.6208333333333,
2017-03-16,229.32083333333333,
2017-03-17,229.14583333333334,
2017-03-18,229.1625,
2017-03-19,229.45000000000002,
2017-03-20,230.04583333333335,
2017-03-21,230.975,
2017-03-22,232.17916666666667,
2017-03-23,233.5625,
2017-03-24,235.00833333333333,
2017-03-25,236.38750000000002,
2017-03-26,237.54583333333335,
2017-03-27,238.39583333333334,
2017-03-28,238.95000000000002,
2017-03-29,239.23333333333335,
2017-03-30,239.30000000000004,
2017-03-31,239.2541666666667,
2017-04-01,239.19999999999996,
2017-04-02,239.24166666666667,
2017-04-03,239.4958333333333,
2017-04-04,240.03333333333333,
2017-04-05,240.90833333333333,
2017-04-06,242.14583333333334,
2017-04-07,243.61249999999998,
2017-04-08,245.10833333333335,
2017-04-09,246.4416666666667,
2017-04-10,247.53333333333333,
2017-04-11,248.42916666666667,
2017-04-12,249.19583333333333,
2017-04-13,249.9333333333333,
2017-04-14,250.71666666666667,
2017-04-15,251.625,
2017-04-16,252.70416666666665,
2017-04-17,253.92499999999998,
2017-04-18,255.19583333333333,
2017-04-19,256.30833333333334,
2017-04-20,257.1666666666667,
2017-04-21,257.70416666666665,
2017-04-22,257.95,
2017-04-23,257.89166666666665,
2017-04-24,257.62916666666666,
2017-04-25,257.1666666666667,
2017-04-26,256.53749999999997,
2017-04-27,255.76666666666665,
2017-04-28,254.85833333333335,
2017-04-29,253.85416666666666,
2017-04-30,252.70000000000002,
2017-05-01,251.45833333333334,
2017-05-02,250.0875,
2017-05-03,248.65416666666667,
2017-05-04,247.25,
2017-05-05,245.95416666666665,
2017-05-06,244.90416666666667,
2017-05-07,244.11249999999998,
2017-05-08,243.5625,
2017-05-09,243.1916666666667,
2017-05-10,242.98333333333335,
2017-05-11,242.9333333333333,
2017-05-12,243.08333333333334,
2017-05-13,243.38750000000002,
2017-05-14,243.83333333333334,
2017-05-15,244.3791666666667,
2017-05-16,244.92499999999998,
2017-05-17,245.32916666666665,
2017-05-18,245.4375,
2017-05-19,244.98749999999998,
2017-05-20,243.79166666666666,
2017-05-21,241.57083333333333,
2017-05-22,238.225,
2017-05-23,233.7458333333333,
2017-05-24,228.32500000000002,
2017-05-25,222.36666666666667,
2017-05-26,216.3125,
2017-05-27,210.54999999999998,
2017-05-28,205.32083333333333,
2017-05-29,200.65,
2017-05-30,196.48749999999998,
2017-05-31,192.6208333333333,
2017-06-01,188.86249999999998,
2017-06-02,185.02083333333334,
2017-06-03,181.025,
2017-06-04,176.9,
2017-06-05,172.75833333333333,
2017-06-06,168.72083333333333,
2017-06-07,164.87916666666666,
2017-06-08,161.30833333333334,
2017-06-09,158.03333333333333,
2017-06-10,155.01666666666668,
2017-06-11,152.20000000000002,
2017-06-12,149.44583333333333,
2017-06-13,146.55833333333334,
2017-06-14,143.29583333333332,
2017-06-15,139.51666666666668,
2017-06-16,135.16666666666666,
2017-06-17,130.27916666666667,
2017-06-18,124.92916666666667,
2017-06-19,119.24166666666667,
2017-06-20,113.30833333333334,
2017-06-21,107.29166666666667,
2017-06-22,101.25,
2017-06-23,95.23333333333333,
2017-06-24,89.2625,
2017-06-25,83.32083333333334,
2017-06-26,77.35000000000001,
2017-06-27,71.3,
2017-06-28,65.07916666666667,
2017-06-29,58.55416666666667,
2017-06-30,51.637499999999996,
2017-07-01,44.24166666666667,
2017-07-02,36.425000000000004,
2017-07-03,28.383333333333336,
2017-07-04,20.558333333333334,
2017-07-05,13.566666666666668,
2017-07-06,7.945833333333333,
2017-07-07,3.779166666666667,
2017-07-08,0.9958333333333332,
2017-07-09,0.0,
2017-07-10,0.0,
2017-07-11,0.0,
2017-07-12,0.0,
2017-07-13,0.0,
2017-07-14,0.0,
2017-07-15,0.0,
2017-07-16,0.0,
2017-07-17,0.0,
2017-07-18,0.0,
2017-07-19,0.0,
2017-07-20,0.0,
2017-07-21,0.0,
2017-07-22,0.0,
2017-07-23,0.0,
2017-07-24,0.0,
2017-07-25,0.0,
2017-07-26,0.0,
2017-07-27,0.0,
2017-07-28,0.0,
2017-07-29,0.0,
2017-07-30,0.0,
2017-07-31,0.0,
2017-08-01,0.0,
2017-08-02,0.0,
2017-08-03,0.0,
2017-08-04,0.0,
2017-08-05,0.0,
2017-08-06,0.0,
2017-08-07,0.0,
2017-08-08,0.0,
2017-08-09,0.0,
2017-08-10,0.0,
2017-08-11,0.0,
2017-08-12,0.0,
2017-08-13,0.0,
2017-08-14,0.0,
2017-08-15,0.0,
2017-08-16,0.0,
2017-08-17,0.0,
2017-08-18,0.0,
2017-08-19,0.0,
2017-08-20,0.0,
2017-08-21,0.0,
2017-08-22,0.0,
2017-08-23,0.0,
2017-08-24,0.0,
2017-08-25,0.0,
2017-08-26,0.0,
2017-08-27,0.0,
2017-08-28,0.0,
2017-08-29,0.0,
2017-08-30,0.0,
2017-08-31,0.0,
2017-09-01,0.0,
2017-09-02,0.0,
2017-09-03,0.0,
2017-09-04,0.0,
2017-09-05,0.0,
2017-09-06,0.0,
2017-09-07,0.0,
2017-09-08,0.0,
2017-09-09,0.0,
2017-09-10,0.0,
2017-10-01,0.0,2018.0
2017-10-02,0.0,2018.0
2017-10-03,0.0,2018.0
2017-10-04,0.0,2018.0
2017-10-05,0.0,2018.0
2017-10-06,0.0,2018.0
2017-10-07,0.0,2018.0
2017-10-08,0.0,2018.0
2017-10-09,0.0,2018.0
2017-10-10,0.0,2018.0
2017-10-11,0.0,2018.0
2017-10-12,0.0,2018.0
2017-10-13,0.0,2018.0
2017-10-14,0.0,2018.0
2017-10-15,0.0,2018.0
2017-10-16,0.0,2018.0
2017-10-17,0.0,2018.0
2017-10-18,0.0,2018.0
2017-10-19,0.0,2018.0
2017-10-20,0.6641666666666667,2018.0
2017-10-21,0.8875000000000001,2018.0
2017-10-22,0.5645833333333333,2018.0
2017-10-23,0.00875,2018.0
2017-10-24,0.0,2018.0
2017-10-25,0.0,2018.0
2017-10-26,0.0,2018.0
2017-10-27,0.0,2018.0
2017-10-28,0.0,2018.0
2017-10-29,0.0,2018.0
2017-10-30,0.0,2018.0
2017-10-31,0.0,2018.0
2017-11-01,0.0,2018.0
2017-11-02,0.0,2018.0
2017-11-03,0.0,2018.0
2017-11-04,0.0,2018.0
2017-11-05,0.25666666666666665,2018.0
2017-11-06,0.1575,2018.0
2017-11-07,0.24749999999999997,2018.0
2017-11-08,0.4770833333333333,2018.0
2017-11-09,0.6758333333333333,2018.0
2017-11-10,1.2908333333333333,2018.0
2017-11-11,0.61875,2018.0
2017-11-12,0.8495833333333334,2018.0
2017-11-13,0.19041666666666668,2018.0
2017-11-14,0.4216666666666667,2018.0
2017-11-15,0.7362500000000001,2018.0
2017-11-16,12.625416666666666,2018.0
2017-11-17,22.555000000000003,2018.0
2017-11-18,20.955,2018.0
2017-11-19,20.90458333333333,2018.0
2017-11-20,20.61916666666667,2018.0
2017-11-21,20.332083333333333,2018.0
2017-11-22,20.105,2018.0
2017-11-23,19.995416666666667,2018.0
2017-11-24,19.887083333333333,2018.0
2017-11-25,19.710833333333333,2018.0
2017-11-26,19.9875,2018.0
2017-11-27,26.135833333333334,2018.0
2017-11-28,26.85875,2018.0
2017-11-29,26.912499999999998,2018.0
2017-11-30,27.05125,2018.0
2017-12-01,27.21083333333333,2018.0
2017-12-02,26.91625,2018.0
2017-12-03,27.10375,2018.0
2017-12-04,27.3325,2018.0
2017-12-05,27.20958333333333,2018.0
2017-12-06,27.175,2018.0
2017-12-07,27.484583333333333,2018.0
2017-12-08,28.064166666666665,2018.0
2017-12-09,28.77125,2018.0
2017-12-10,29.69125,2018.0
2017-12-11,30.186666666666667,2018.0
2017-12-12,30.56958333333333,2018.0
2017-12-13,30.987916666666667,2018.0
2017-12-14,31.12625,2018.0
2017-12-15,31.04041666666667,2018.0
2017-12-16,31.011666666666667,2018.0
2017-12-17,31.09,2018.0
2017-12-18,30.91541666666667,2018.0
2017-12-19,30.918333333333333,2018.0
2017-12-20,31.49666666666667,2018.0
2017-12-21,32.24666666666667,2018.0
2017-12-22,32.14666666666667,2018.0
2017-12-23,32.57958333333333,2018.0
2017-12-24,32.67333333333333,2018.0
2017-12-25,32.55125,2018.0
2017-12-26,32.434999999999995,2018.0
2017-12-27,32.34666666666667,2018.0
2017-12-28,32.28541666666667,2018.0
2017-12-29,32.21583333333333,2018.0
2017-12-30,32.209583333333335,2018.0
2017-12-31,32.192083333333336,2018.0
2018-01-01,32.085,2018.0
2018-01-02,32.14125,2018.0
2018-01-03,32.11333333333334,2018.0
2018-01-04,32.52458333333333,2018.0
2018-01-05,32.61333333333334,2018.0
2018-01-06,36.026666666666664,2018.0
2018-01-07,38.55708333333333,2018.0
2018-01-08,39.99,2018.0
2018-01-09,42.49208333333333,2018.0
2018-01-10,42.66041666666667,2018.0
2018-01-11,42.44625,2018.0
2018-01-12,42.33166666666667,2018.0
2018-01-13,42.24166666666667,2018.0
2018-01-14,42.187083333333334,2018.0
2018-01-15,42.10041666666667,2018.0
2018-01-16,42.135416666666664,2018.0
2018-01-17,42.08083333333334,2018.0
2018-01-18,42.13041666666667,2018.0
2018-01-19,43.32583333333333,2018.0
2018-01-20,44.04458333333333,2018.0
2018-01-21,44.064166666666665,2018.0
2018-01-22,43.97666666666667,2018.0
2018-01-23,44.00625,2018.0
2018-01-24,43.66,2018.0
2018-01-25,44.18,2018.0
2018-01-26,44.60874999999999,2018.0
2018-01-27,46.88999999999999,2018.0
2018-01-28,46.89166666666667,2018.0
2018-01-29,46.82416666666666,2018.0
2018-01-30,46.76166666666666,2018.0
2018-01-31,46.775,2018.0
2018-02-01,46.69208333333333,2018.0
2018-02-02,46.732499999999995,2018.0
2018-02-03,46.750416666666666,2018.0
2018-02-04,46.77041666666667,2018.0
2018-02-05,46.86833333333333,2018.0
2018-02-06,46.729166666666664,2018.0
2018-02-07,46.806666666666665,2018.0
2018-02-08,46.767500000000005,2018.0
2018-02-09,46.86541666666667,2018.0
2018-02-10,46.66166666666667,2018.0
2018-02-11,47.1675,2018.0
2018-02-12,47.56666666666666,2018.0
2018-02-13,47.75,2018.0
2018-02-14,49.195,2018.0
2018-02-15,49.92791666666667,2018.0
2018-02-16,50.12916666666666,2018.0
2018-02-17,50.04666666666666,2018.0
2018-02-18,50.12583333333333,2018.0
2018-02-19,50.69833333333333,2018.0
2018-02-20,50.98083333333333,2018.0
2018-02-21,51.45541666666667,2018.0
2018-02-22,57.55625,2018.0
2018-02-23,58.79624999999999,2018.0
2018-02-24,60.18,2018.0
2018-02-25,62.189166666666665,2018.0
2018-02-26,62.78208333333333,2018.0
2018-02-27,64.11833333333333,2018.0
2018-02-28,64.435,2018.0
2018-03-01,67.12375,2018.0
2018-03-02,70.62166666666667,2018.0
2018-03-03,74.37125,2018.0
2018-03-04,75.46041666666666,2018.0
2018-03-05,75.46583333333334,2018.0
2018-03-06,75.34166666666667,2018.0
2018-03-07,75.20041666666667,2018.0
2018-03-08,75.0575,2018.0
2018-03-09,74.99166666666666,2018.0
2018-03-10,74.90458333333333,2018.0
2018-03-11,74.99791666666667,2018.0
2018-03-12,74.74291666666666,2018.0
2018-03-13,75.62041666666667,2018.0
2018-03-14,80.94541666666667,2018.0
2018-03-15,82.95541666666666,2018.0
2018-03-16,85.24458333333334,2018.0
2018-03-17,86.88416666666667,2018.0
2018-03-18,87.01833333333333,2018.0
2018-03-19,86.95208333333333,2018.0
2018-03-20,87.28166666666668,2018.0
2018-03-21,91.27833333333332,2018.0
2018-03-22,103.28583333333334,2018.0
2018-03-23,109.21749999999999,2018.0
2018-03-24,109.57625,2018.0
2018-03-25,110.43333333333334,2018.0
2018-03-26,110.74208333333333,2018.0
2018-03-27,110.70041666666667,2018.0
2018-03-28,110.52,2018.0
2018-03-29,110.39166666666667,2018.0
2018-03-30,110.01125,2018.0
2018-03-31,109.85416666666667,2018.0
2018-04-01,109.43833333333333,2018.0
2018-04-02,108.80083333333333,2018.0
2018-04-03,108.36333333333334,2018.0
2018-04-04,107.77291666666667,2018.0
2018-04-05,107.12374999999999,2018.0
2018-04-06,107.69125000000001,2018.0
2018-04-07,105.87958333333334,2018.0
2018-04-08,104.66833333333334,2018.0
2018-04-09,104.06041666666665,2018.0
2018-04-10,103.235,2018.0
2018-04-11,102.85291666666666,2018.0
2018-04-12,104.4225,2018.0
2018-04-13,105.07625,2018.0
2018-04-14,104.78666666666668,2018.0
2018-04-15,104.44041666666668,2018.0
2018-04-16,106.30375,2018.0
2018-04-17,107.70875000000001,2018.0
2018-04-18,107.44708333333334,2018.0
2018-04-19,107.705,2018.0
2018-04-20,107.58916666666666,2018.0
2018-04-21,107.35166666666667,2018.0
2018-04-22,105.74958333333332,2018.0
2018-04-23,103.90541666666667,2018.0
2018-04-24,102.58333333333333,2018.0
2018-04-25,100.84958333333333,2018.0
2018-04-26,99.01458333333333,2018.0
2018-04-27,97.15708333333333,2018.0
2018-04-28,95.95541666666666,2018.0
2018-04-29,95.49125,2018.0
2018-04-30,95.26166666666667,2018.0
2018-05-01,95.70708333333333,2018.0
2018-05-02,95.8925,2018.0
2018-05-03,95.22833333333334,2018.0
2018-05-04,93.37208333333332,2018.0
2018-05-05,90.97958333333334,2018.0
2018-05-06,88.61041666666667,2018.0
2018-05-07,85.73541666666667,2018.0
2018-05-08,82.73708333333333,2018.0
2018-05-09,79.1725,2018.0
2018-05-10,74.92041666666667,2018.0
2018-05-11,72.59875,2018.0
2018-05-12,73.09333333333333,2018.0
2018-05-13,73.18041666666666,2018.0
2018-05-14,72.5975,2018.0
2018-05-15,71.65124999999999,2018.0
2018-05-16,70.05291666666666,2018.0
2018-05-17,68.7675,2018.0
2018-05-18,66.11541666666666,2018.0
2018-05-19,63.812083333333334,2018.0
2018-05-20,61.701249999999995,2018.0
2018-05-21,60.365,2018.0
2018-05-22,59.6675,2018.0
2018-05-23,57.46041666666667,2018.0
2018-05-24,54.98875,2018.0
2018-05-25,52.53916666666667,2018.0
2018-05-26,50.52125,2018.0
2018-05-27,48.74458333333333,2018.0
2018-05-28,46.260416666666664,2018.0
2018-05-29,42.00333333333333,2018.0
2018-05-30,36.34166666666667,2018.0
2018-05-31,31.890833333333333,2018.0
2018-06-01,28.239583333333332,2018.0
2018-06-02,23.69125,2018.0
2018-06-03,18.526666666666667,2018.0
2018-06-04,12.075833333333334,2018.0
2018-06-05,5.9070833333333335,2018.0
2018-06-06,2.441666666666667,2018.0
2018-06-07,0.47875,2018.0
2018-06-08,0.0,2018.0
2018-06-09,0.0,2018.0
2018-06-10,0.0,2018.0
2018-06-11,0.0,2018.0
2018-06-12,0.0,2018.0
2018-06-13,0.0,2018.0
2018-06-14,0.0,2018.0
2018-06-15,0.0,2018.0
2018-06-16,0.0,2018.0
2018-06-17,0.0,2018.0
2018-06-18,0.0,2018.0
2018-06-19,0.0,2018.0
2018-06-20,0.0,2018.0
2018-06-21,0.0,2018.0
2018-06-22,0.0,2018.0
2018-06-23,0.0,2018.0
2018-06-24,0.0,2018.0
2018-06-25,0.0,2018.0
2018-06-26,0.0,2018.0
2018-06-27,0.0,2018.0
2018-06-28,0.0,2018.0
2018-06-29,0.0,2018.0
2018-06-30,0.0,2018.0
2018-07-01,0.0,2018.0
2018-07-02,0.0,2018.0
2018-07-03,0.0,2018.0
2018-07-04,0.0,2018.0
2018-07-05,0.0,2018.0
2018-07-06,0.0,2018.0
2018-07-07,0.0,2018.0
2018-07-08,0.0,2018.0
2018-07-09,0.0,2018.0
2018-07-10,0.0,2018.0
2018-07-11,0.0,2018.0
2018-07-12,0.0,2018.0
2018-07-13,0.0,2018.0
2018-07-14,0.0,2018.0
2018-07-15,0.0,2018.0
2018-07-16,0.0,2018.0
2018-07-17,0.0,2018.0
2018-07-18,0.0,2018.0
2018-07-19,0.0,2018.0
2018-07-20,0.0,2018.0
2018-07-21,0.0,2018.0
2018-07-22,0.0,2018.0
2018-07-23,0.0,2018.0
2018-07-24,0.0,2018.0
2018-07-25,0.0,2018.0
2018-07-26,0.0,2018.0
2018-07-27,0.0,2018.0
2018-07-28,0.0,2018.0
2018-07-29,0.0,2018.0
2018-07-30,0.0,2018.0
2018-07-31,0.0,2018.0
2018-08-01,0.0,2018.0
2018-08-02,0.0,2018.0
2018-08-03,0.0,2018.0
2018-08-04,0.0,2018.0
2018-08-05,0.0,2018.0
2018-08-06,0.0,2018.0
2018-08-07,0.0,2018.0
2018-08-08,0.0,2018.0
2018-08-09,0.0,2018.0
2018-08-10,0.0,2018.0
2018-08-11,0.0,2018.0
2018-08-12,0.0,2018.0
2018-08-13,0.0,2018.0
2018-08-14,0.0,2018.0
2018-08-15,0.0,2018.0
2018-08-16,0.0,2018.0
2018-08-17,0.0,2018.0
2018-08-18,0.0,2018.0
2018-08-19,0.0,2018.0
2018-08-20,0.0,2018.0
2018-08-21,0.0,2018.0
2018-08-22,0.0,2018.0
2018-08-23,0.0,2018.0
2018-08-24,0.0,2018.0
2018-08-25,0.0,2018.0
2018-08-26,0.0,2018.0
2018-08-27,0.0,2018.0
2018-08-28,0.0,2018.0
2018-08-29,0.0,2018.0
2018-08-30,0.0,2018.0
2018-08-31,0.0,2018.0
2018-09-01,0.0,2018.0
2018-09-02,0.0,2018.0
2018-09-03,0.0,2018.0
2018-09-04,0.0,2018.0
2018-09-05,0.0,2018.0
2018-09-06,0.0,2018.0
2018-09-07,0.0,2018.0
2018-09-08,0.0,2018.0
2018-09-09,0.0,2018.0
2018-09-10,0.0,2018.0
2018-09-11,0.0,2018.0
2018-09-12,0.0,2018.0
2018-09-13,0.0,2018.0
2018-09-14,0.0,2018.0
2018-09-15,0.0,2018.0
2018-09-16,0.15958333333333333,2018.0
2018-09-17,0.030416666666666665,2018.0
2018-09-18,0.01625,2018.0
2018-09-19,0.0,2018.0
2018-09-20,0.0,2018.0
2018-09-21,0.0,2018.0
2018-09-22,0.0,2018.0
2018-09-23,0.0,2018.0
2018-09-24,0.0,2018.0
2018-09-25,0.0,2018.0
2018-09-26,0.0,2018.0
2018-09-27,0.0,2018.0
2018-09-28,0.0,2018.0
2018-09-29,0.0,2018.0
2018-09-30,0.0,2018.0
2018-10-01,0.0,2019.0
2018-10-02,0.0,2019.0
2018-10-03,0.0,2019.0
2018-10-04,0.2025,2019.0
2018-10-05,0.16125,2019.0
2018-10-06,0.2758333333333333,2019.0
2018-10-07,0.4908333333333333,2019.0
2018-10-08,0.08416666666666667,2019.0
2018-10-09,0.07208333333333333,2019.0
2018-10-10,0.09458333333333334,2019.0
2018-10-11,0.145,2019.0
2018-10-12,0.08708333333333333,2019.0
2018-10-13,0.00875,2019.0
2018-10-14,0.014583333333333332,2019.0
2018-10-15,0.015833333333333335,2019.0
2018-10-16,0.017916666666666668,2019.0
2018-10-17,0.014583333333333332,2019.0
2018-10-18,0.014166666666666666,2019.0
2018-10-19,0.017083333333333332,2019.0
2018-10-20,0.024999999999999998,2019.0
2018-10-21,0.02875,2019.0
2018-10-22,0.037083333333333336,2019.0
2018-10-23,0.0425,2019.0
2018-10-24,0.01958333333333333,2019.0
2018-10-25,0.005833333333333334,2019.0
2018-10-26,0.002916666666666667,2019.0
2018-10-27,0.0025,2019.0
2018-10-28,0.0275,2019.0
2018-10-29,0.06791666666666667,2019.0
2018-10-30,0.06416666666666666,2019.0
2018-10-31,0.05541666666666667,2019.0
2018-11-01,0.06958333333333334,2019.0
2018-11-02,0.01958333333333333,2019.0
2018-11-03,0.048749999999999995,2019.0
2018-11-04,0.07583333333333334,2019.0
2018-11-05,0.024583333333333332,2019.0
2018-11-06,0.011666666666666667,2019.0
2018-11-07,0.08,2019.0
2018-11-08,0.13916666666666666,2019.0
2018-11-09,0.07041666666666667,2019.0
2018-11-10,0.06416666666666666,2019.0
2018-11-11,0.05708333333333334,2019.0
2018-11-12,0.04125,2019.0
2018-11-13,0.08916666666666667,2019.0
2018-11-14,0.050833333333333335,2019.0
2018-11-15,0.050833333333333335,2019.0
2018-11-16,0.07125,2019.0
2018-11-17,0.06749999999999999,2019.0
2018-11-18,0.06791666666666667,2019.0
2018-11-19,0.07875,2019.0
2018-11-20,0.09875,2019.0
2018-11-21,0.42250000000000004,2019.0
2018-11-22,5.5625,2019.0
2018-11-23,10.13125,2019.0
2018-11-24,20.016666666666666,2019.0
2018-11-25,20.30666666666667,2019.0
2018-11-26,20.342499999999998,2019.0
2018-11-27,20.242916666666666,2019.0
2018-11-28,24.307083333333335,2019.0
2018-11-29,29.378333333333334,2019.0
2018-11-30,34.56791666666667,2019.0
2018-12-01,35.290416666666665,2019.0
2018-12-02,35.60916666666667,2019.0
2018-12-03,35.55166666666667,2019.0
2018-12-04,35.837916666666665,2019.0
2018-12-05,36.54083333333333,2019.0
2018-12-06,36.839999999999996,2019.0
2018-12-07,36.87291666666666,2019.0
2018-12-08,36.754583333333336,2019.0
2018-12-09,36.64291666666667,2019.0
2018-12-10,36.36833333333333,2019.0
2018-12-11,36.33416666666667,2019.0
2018-12-12,36.48083333333333,2019.0
2018-12-13,36.29083333333333,2019.0
2018-12-14,36.16583333333333,2019.0
2018-12-15,35.92541666666667,2019.0
2018-12-16,35.699999999999996,2019.0
2018-12-17,37.08291666666667,2019.0
2018-12-18,38.104166666666664,2019.0
2018-12-19,38.3325,2019.0
2018-12-20,38.20333333333333,2019.0
2018-12-21,38.399166666666666,2019.0
2018-12-22,38.49333333333333,2019.0
2018-12-23,38.88291666666667,2019.0
2018-12-24,39.568333333333335,2019.0
2018-12-25,41.434999999999995,2019.0
2018-12-26,41.4075,2019.0
2018-12-27,41.501666666666665,2019.0
2018-12-28,41.70708333333334,2019.0
2018-12-29,41.61,2019.0
2018-12-30,41.50958333333333,2019.0
2018-12-31,41.4975,2019.0
2019-01-01,41.53208333333333,2019.0
2019-01-02,41.36958333333333,2019.0
2019-01-03,41.227916666666665,2019.0
2019-01-04,41.19416666666667,2019.0
2019-01-05,42.147083333333335,2019.0
2019-01-06,47.010416666666664,2019.0
2019-01-07,48.5425,2019.0
2019-01-08,48.77916666666667,2019.0
2019-01-09,50.84916666666667,2019.0
2019-01-10,54.2875,2019.0
2019-01-11,54.54791666666667,2019.0
2019-01-12,54.599583333333335,2019.0
2019-01-13,54.67416666666667,2019.0
2019-01-14,54.89458333333334,2019.0
2019-01-15,56.15208333333334,2019.0
2019-01-16,59.605,2019.0
2019-01-17,67.91291666666667,2019.0
2019-01-18,73.81416666666667,2019.0
2019-01-19,73.78375,2019.0
2019-01-20,74.1425,2019.0
2019-01-21,76.14999999999999,2019.0
2019-01-22,76.47541666666667,2019.0
2019-01-23,76.31416666666667,2019.0
2019-01-24,76.28291666666667,2019.0
2019-01-25,76.28208333333333,2019.0
2019-01-26,76.2025,2019.0
2019-01-27,75.97375000000001,2019.0
2019-01-28,75.98875,2019.0
2019-01-29,75.97333333333334,2019.0
2019-01-30,76.01,2019.0
2019-01-31,76.04041666666667,2019.0
2019-02-01,76.15916666666666,2019.0
2019-02-02,83.03958333333334,2019.0
2019-02-03,92.38125000000001,2019.0
2019-02-04,98.41416666666667,2019.0
2019-02-05,103.38541666666667,2019.0
2019-02-06,104.53458333333333,2019.0
2019-02-07,104.395,2019.0
2019-02-08,104.51958333333334,2019.0
2019-02-09,109.49624999999999,2019.0
2019-02-10,115.77791666666667,2019.0
2019-02-11,118.22041666666667,2019.0
2019-02-12,118.78208333333333,2019.0
2019-02-13,123.60875,2019.0
2019-02-14,130.44166666666666,2019.0
2019-02-15,133.84916666666666,2019.0
2019-02-16,140.52833333333334,2019.0
2019-02-17,152.98333333333332,2019.0
2019-02-18,154.6525,2019.0
2019-02-19,154.82041666666666,2019.0
2019-02-20,157.025,2019.0
2019-02-21,158.43333333333334,2019.0
2019-02-22,158.68916666666667,2019.0
2019-02-23,158.72166666666666,2019.0
2019-02-24,158.79541666666668,2019.0
2019-02-25,157.80291666666668,2019.0
2019-02-26,156.13,2019.0
2019-02-27,159.19708333333332,2019.0
2019-02-28,163.54083333333332,2019.0
2019-03-01,165.69750000000002,2019.0
2019-03-02,169.76833333333335,2019.0
2019-03-03,174.4225,2019.0
2019-03-04,174.92875,2019.0
2019-03-05,176.75291666666666,2019.0
2019-03-06,179.495,2019.0
2019-03-07,187.07958333333332,2019.0
2019-03-08,191.5979166666667,2019.0
2019-03-09,189.88958333333335,2019.0
2019-03-10,190.21083333333334,2019.0
2019-03-11,190.06125,2019.0
2019-03-12,189.705,2019.0
2019-03-13,189.42499999999998,2019.0
2019-03-14,189.25750000000002,2019.0
2019-03-15,189.08624999999998,2019.0
2019-03-16,188.95875,2019.0
2019-03-17,188.8708333333333,2019.0
2019-03-18,188.6825,2019.0
2019-03-19,188.50166666666667,2019.0
2019-03-20,190.43041666666667,2019.0
2019-03-21,191.0275,2019.0
2019-03-22,191.02374999999998,2019.0
2019-03-23,192.1783333333333,2019.0
2019-03-24,192.05999999999997,2019.0
2019-03-25,191.51166666666666,2019.0
2019-03-26,190.7095833333333,2019.0
2019-03-27,191.44833333333335,2019.0
2019-03-28,192.88,2019.0
2019-03-29,195.0225,2019.0
2019-03-30,195.38,2019.0
2019-03-31,195.3691666666667,2019.0
2019-04-01,195.0,2019.0
2019-04-02,196.11708333333334,2019.0
2019-04-03,197.1875,2019.0
2019-04-04,197.02916666666667,2019.0
2019-04-05,197.20333333333335,2019.0
2019-04-06,196.88166666666666,2019.0
2019-04-07,196.76874999999998,2019.0
2019-04-08,196.32625,2019.0
2019-04-09,196.97666666666666,2019.0
2019-04-10,197.3375,2019.0
2019-04-11,196.63,2019.0
2019-04-12,197.13166666666666,2019.0
2019-04-13,196.86416666666665,2019.0
2019-04-14,196.75666666666666,2019.0
2019-04-15,197.53,2019.0
2019-04-16,199.68208333333334,2019.0
2019-04-17,199.51250000000002,2019.0
2019-04-18,198.99166666666667,2019.0
2019-04-19,197.5270833333333,2019.0
2019-04-20,196.06583333333333,2019.0
2019-04-21,196.20833333333334,2019.0
2019-04-22,195.3395833333333,2019.0
2019-04-23,193.84833333333333,2019.0
2019-04-24,191.94375,2019.0
2019-04-25,188.73708333333332,2019.0
2019-04-26,185.46708333333333,2019.0
2019-04-27,182.82000000000002,2019.0
2019-04-28,180.98833333333334,2019.0
2019-04-29,179.545,2019.0
2019-04-30,178.91375000000002,2019.0
2019-05-01,178.27916666666667,2019.0
2019-05-02,177.42875,2019.0
2019-05-03,176.63958333333335,2019.0
2019-05-04,175.49666666666667,2019.0
2019-05-05,174.41375000000002,2019.0
2019-05-06,173.9991666666667,2019.0
2019-05-07,165.88250000000002,2019.0
2019-05-08,153.63750000000002,2019.0
2019-05-09,143.16333333333333,2019.0
2019-05-10,150.32083333333333,2019.0
2019-05-11,156.95333333333335,2019.0
2019-05-12,154.19541666666666,2019.0
2019-05-13,152.39166666666668,2019.0
2019-05-14,157.55125,2019.0
2019-05-15,159.275,2019.0
2019-05-16,160.45250000000001,2019.0
2019-05-17,162.09125,2019.0
2019-05-18,163.21958333333333,2019.0
2019-05-19,167.58041666666665,2019.0
2019-05-20,170.28916666666666,2019.0
2019-05-21,171.60916666666665,2019.0
2019-05-22,174.35541666666666,2019.0
2019-05-23,175.98749999999998,2019.0
2019-05-24,176.75083333333336,2019.0
2019-05-25,177.44125,2019.0
2019-05-26,178.94333333333336,2019.0
2019-05-27,180.66291666666666,2019.0
2019-05-28,181.2175,2019.0
2019-05-29,181.67958333333334,2019.0
2019-05-30,181.88833333333332,2019.0
2019-05-31,183.15833333333333,2019.0
2019-06-01,183.04791666666665,2019.0
2019-06-02,180.66291666666666,2019.0
2019-06-03,178.90875000000003,2019.0
2019-06-04,179.50250000000003,2019.0
2019-06-05,180.2325,2019.0
2019-06-06,177.86166666666668,2019.0
2019-06-07,170.5875,2019.0
2019-06-08,166.86291666666668,2019.0
2019-06-09,163.655,2019.0
2019-06-10,160.21625,2019.0
2019-06-11,156.38833333333335,2019.0
2019-06-12,151.07291666666666,2019.0
2019-06-13,144.87083333333334,2019.0
2019-06-14,139.04749999999999,2019.0
2019-06-15,134.25583333333333,2019.0
2019-06-16,129.68208333333334,2019.0
2019-06-17,126.2725,2019.0
2019-06-18,122.2975,2019.0
2019-06-19,116.86041666666667,2019.0
2019-06-20,109.65416666666665,2019.0
2019-06-21,103.28458333333333,2019.0
2019-06-22,99.98208333333334,2019.0
2019-06-23,95.79375,2019.0
2019-06-24,89.00833333333333,2019.0
2019-06-25,83.20625,2019.0
2019-06-26,78.625,2019.0
2019-06-27,74.46375,2019.0
2019-06-28,70.43333333333334,2019.0
2019-06-29,65.55,2019.0
2019-06-30,59.893750000000004,2019.0
2019-07-01,53.77166666666667,2019.0
2019-07-02,47.98916666666667,2019.0
2019-07-03,42.02875,2019.0
2019-07-04,36.69375,2019.0
2019-07-05,30.412916666666664,2019.0
2019-07-06,22.379166666666666,2019.0
2019-07-07,12.758333333333333,2019.0
2019-07-08,5.505,2019.0
2019-07-09,2.34,2019.0
2019-07-10,0.8470833333333333,2019.0
2019-07-11,0.1991666666666667,2019.0
2019-07-12,0.025416666666666667,2019.0
2019-07-13,0.0,2019.0
2019-07-14,0.0,2019.0
2019-07-15,0.0,2019.0
2019-07-16,0.0,2019.0
2019-07-17,0.0,2019.0
2019-07-18,0.0,2019.0
2019-07-19,0.0,2019.0
2019-07-20,0.0,2019.0
2019-07-21,0.0,2019.0
2019-07-22,0.0,2019.0
2019-07-23,0.0,2019.0
2019-07-24,0.0,2019.0
2019-07-25,0.02125,2019.0
2019-07-26,0.05666666666666667,2019.0
2019-07-27,0.0,2019.0
2019-07-28,0.0,2019.0
2019-07-29,0.0,2019.0
2019-07-30,0.0,2019.0
2019-07-31,0.0,2019.0
2019-08-01,0.0,2019.0
2019-08-02,0.0,2019.0
2019-08-03,0.0,2019.0
2019-08-04,0.0,2019.0
2019-08-05,0.0,2019.0
2019-08-06,0.0,2019.0
2019-08-07,0.0,2019.0
2019-08-08,0.0,2019.0
2019-08-09,0.0,2019.0
2019-08-10,0.0033333333333333335,2019.0
2019-08-11,0.0,2019.0
2019-08-12,0.0,2019.0
2019-08-13,0.0,2019.0
2019-08-14,0.0,2019.0
2019-08-15,0.0,2019.0
2019-08-16,0.0,2019.0
2019-08-17,0.0,2019.0
2019-08-18,0.0,2019.0
2019-08-19,0.0,2019.0
2019-08-20,0.0,2019.0
2019-08-21,0.0,2019.0
2019-08-22,0.0,2019.0
2019-08-23,0.0,2019.0
2019-08-24,0.0,2019.0
2019-08-25,0.0,2019.0
2019-08-26,0.0,2019.0
2019-08-27,0.0,2019.0
2019-08-28,0.0,2019.0
2019-08-29,0.0,2019.0
2019-08-30,0.0,2019.0
2019-08-31,0.0,2019.0
2019-09-01,,2019.0
2019-09-02,,2019.0
2019-09-03,,2019.0
2019-09-04,,2019.0
2019-09-05,,2019.0
2019-09-06,,2019.0
2019-09-07,,2019.0
2019-09-08,,2019.0
2019-09-09,,2019.0
2019-09-10,,2019.0
2019-09-11,,2019.0
2019-09-12,0.0,2019.0
2019-09-13,0.0004166666666666667,2019.0
2019-09-14,0.0,2019.0
2019-09-15,0.0033333333333333335,2019.0
2019-09-16,0.11125,2019.0
2019-09-17,0.0725,2019.0
2019-09-18,0.15375,2019.0
2019-09-19,0.8833333333333333,2019.0
2019-09-20,0.5895833333333333,2019.0
2019-09-21,0.3725,2019.0
2019-09-22,0.22333333333333336,2019.0
2019-09-23,0.13041666666666665,2019.0
2019-09-24,0.07708333333333334,2019.0
2019-09-25,0.0062499999999999995,2019.0
2019-09-26,0.0004166666666666667,2019.0
2019-09-27,0.004583333333333334,2019.0
2019-09-28,0.5833333333333334,2019.0
2019-09-29,0.8870833333333333,2019.0
2019-09-30,0.3020833333333333,2019.0
2019-10-01,0.2733333333333333,2020.0
2019-10-02,0.21833333333333335,2020.0
2019-10-03,0.295,2020.0
2019-10-04,0.20541666666666666,2020.0
2019-10-05,0.18958333333333333,2020.0
2019-10-06,0.13999999999999999,2020.0
2019-10-07,0.14125000000000001,2020.0
2019-10-08,0.12291666666666667,2020.0
2019-10-09,0.19166666666666665,2020.0
2019-10-10,0.23208333333333334,2020.0
2019-10-11,0.25625000000000003,2020.0
2019-10-12,0.2608333333333333,2020.0
2019-10-13,0.3433333333333333,2020.0
2019-10-14,0.3254166666666667,2020.0
2019-10-15,0.31416666666666665,2020.0
2019-10-16,0.3745833333333333,2020.0
2019-10-17,0.4454166666666666,2020.0
2019-10-18,0.45333333333333337,2020.0
2019-10-19,0.49416666666666664,2020.0
2019-10-20,0.41791666666666666,2020.0
2019-10-21,0.33708333333333335,2020.0
2019-10-22,0.26666666666666666,2020.0
2019-10-23,0.29291666666666666,2020.0
2019-10-24,0.31166666666666665,2020.0
2019-10-25,0.2791666666666667,2020.0
2019-10-26,0.27,2020.0
2019-10-27,0.5287499999999999,2020.0
2019-10-28,0.4925,2020.0
2019-10-29,0.5116666666666666,2020.0
2019-10-30,0.4791666666666667,2020.0
2019-10-31,0.435,2020.0
2019-11-01,0.21166666666666667,2020.0
2019-11-02,0.20666666666666667,2020.0
2019-11-03,0.2125,2020.0
2019-11-04,0.24416666666666664,2020.0
2019-11-05,0.26333333333333336,2020.0
2019-11-06,0.2808333333333333,2020.0
2019-11-07,0.2775,2020.0
2019-11-08,0.28875,2020.0
2019-11-09,0.30416666666666664,2020.0
2019-11-10,0.34125,2020.0
2019-11-11,0.34625,2020.0
2019-11-12,0.3075,2020.0
2019-11-13,0.265,2020.0
2019-11-14,0.34833333333333333,2020.0
2019-11-15,0.36041666666666666,2020.0
2019-11-16,0.35250000000000004,2020.0
2019-11-17,0.36041666666666666,2020.0
2019-11-18,0.34041666666666665,2020.0
2019-11-19,0.5933333333333334,2020.0
2019-11-20,1.2395833333333333,2020.0
2019-11-21,1.6283333333333332,2020.0
2019-11-22,1.6137500000000002,2020.0
2019-11-23,1.6779166666666665,2020.0
2019-11-24,1.5504166666666668,2020.0
2019-11-25,1.34875,2020.0
2019-11-26,1.6520833333333333,2020.0
2019-11-27,8.35375,2020.0
2019-11-28,11.363333333333335,2020.0
2019-11-29,14.659583333333332,2020.0
2019-11-30,16.889583333333334,2020.0
2019-12-01,20.91541666666667,2020.0
2019-12-02,22.89916666666667,2020.0
2019-12-03,22.814166666666665,2020.0
2019-12-04,25.039166666666663,2020.0
2019-12-05,30.49083333333333,2020.0
2019-12-06,30.424166666666665,2020.0
2019-12-07,31.985,2020.0
2019-12-08,37.08166666666667,2020.0
2019-12-09,37.452083333333334,2020.0
2019-12-10,38.142916666666665,2020.0
2019-12-11,43.32791666666666,2020.0
2019-12-12,49.54750000000001,2020.0
2019-12-13,50.34625,2020.0
2019-12-14,52.2075,2020.0
2019-12-15,52.499583333333334,2020.0
2019-12-16,52.531666666666666,2020.0
2019-12-17,52.3825,2020.0
2019-12-18,52.12708333333333,2020.0
2019-12-19,51.69875,2020.0
2019-12-20,51.415416666666665,2020.0
2019-12-21,51.0825,2020.0
2019-12-22,51.37833333333333,2020.0
2019-12-23,53.781666666666666,2020.0
2019-12-24,54.879583333333336,2020.0
2019-12-25,56.385416666666664,2020.0
2019-12-26,57.64458333333334,2020.0
2019-12-27,57.88083333333333,2020.0
2019-12-28,57.7825,2020.0
2019-12-29,57.800000000000004,2020.0
2019-12-30,58.07541666666666,2020.0
2019-12-31,58.01499999999999,2020.0
2020-01-01,57.852916666666665,2020.0
2020-01-02,57.779583333333335,2020.0
2020-01-03,57.67041666666666,2020.0
2020-01-04,57.27166666666667,2020.0
2020-01-05,57.250416666666666,2020.0
2020-01-06,57.17541666666667,2020.0
2020-01-07,57.051818181818184,2020.0
2020-01-08,56.67391304347826,2020.0
2020-01-09,56.790000000000006,2020.0
2020-01-10,56.81705882352941,2020.0
2020-01-11,56.33571428571428,2020.0
2020-01-12,56.26958333333334,2020.0
2020-01-13,56.16625,2020.0
2020-01-14,56.11380952380953,2020.0
2020-01-15,55.89541666666667,2020.0
2020-01-16,56.30916666666667,2020.0
2020-01-17,62.69958333333333,2020.0
2020-01-18,64.06,2020.0
2020-01-19,64.05041666666666,2020.0
2020-01-20,64.03583333333333,2020.0
2020-01-21,64.4875,2020.0
2020-01-22,65.14916666666666,2020.0
2020-01-23,65.12625,2020.0
2020-01-24,65.06041666666667,2020.0
2020-01-25,65.00454545454545,2020.0
2020-01-26,65.13,2020.0
2020-01-27,,2020.0
2020-01-28,,2020.0
2020-01-29,66.00666666666666,2020.0
2020-01-30,65.98,2020.0
2020-01-31,65.89041666666667,2020.0
2020-02-01,65.78291666666667,2020.0
2020-02-02,65.9425,2020.0
2020-02-03,66.40833333333333,2020.0
2020-02-04,66.29166666666667,2020.0
2020-02-05,65.84625,2020.0
2020-02-06,65.82083333333334,2020.0
2020-02-07,65.70208333333333,2020.0
2020-02-08,65.59833333333334,2020.0
2020-02-09,65.88791666666667,2020.0
2020-02-10,65.88458333333334,2020.0
2020-02-11,65.74249999999999,2020.0
2020-02-12,65.61375,2020.0
2020-02-13,65.625,2020.0
2020-02-14,65.55708333333332,2020.0
2020-02-15,65.45458333333333,2020.0
2020-02-16,65.32083333333334,2020.0
2020-02-17,65.41833333333334,2020.0
2020-02-18,65.40833333333333,2020.0
2020-02-19,65.44708333333334,2020.0
2020-02-20,65.45666666666666,2020.0
2020-02-21,65.4325,2020.0
2020-02-22,65.52666666666667,2020.0
2020-02-23,65.58749999999999,2020.0
2020-02-24,65.51875,2020.0
2020-02-25,65.47583333333334,2020.0
2020-02-26,65.44041666666666,2020.0
2020-02-27,65.39791666666666,2020.0
2020-02-28,65.39041666666667,2020.0
2020-02-29,65.28041666666667,2020.0
2020-03-01,67.30083333333333,2020.0
2020-03-02,67.76833333333333,2020.0
2020-03-03,67.59333333333333,2020.0
2020-03-04,67.53166666666667,2020.0
2020-03-05,67.27875,2020.0
2020-03-06,67.14291666666666,2020.0
2020-03-07,67.34041666666667,2020.0
2020-03-08,67.98041666666667,2020.0
2020-03-09,67.92125,2020.0
2020-03-10,67.67041666666667,2020.0
2020-03-11,68.1075,2020.0
2020-03-12,68.1375,2020.0
2020-03-13,68.20291666666667,2020.0
2020-03-14,68.32125,2020.0
2020-03-15,70.16375000000001,2020.0
2020-03-16,74.49416666666666,2020.0
2020-03-17,77.16333333333334,2020.0
2020-03-18,79.82791666666667,2020.0
2020-03-19,81.38041666666668,2020.0
2020-03-20,81.66625,2020.0
2020-03-21,81.82916666666667,2020.0
2020-03-22,82.34,2020.0
2020-03-23,83.79625,2020.0
2020-03-24,85.55624999999999,2020.0
2020-03-25,86.99833333333333,2020.0
2020-03-26,88.54124999999999,2020.0
2020-03-27,88.86041666666667,2020.0
2020-03-28,89.07708333333333,2020.0
2020-03-29,90.28666666666668,2020.0
2020-03-30,93.48875,2020.0
2020-03-31,95.34500000000001,2020.0
2020-04-01,95.07666666666667,2020.0
2020-04-02,95.20416666666667,2020.0
2020-04-03,94.97125,2020.0
2020-04-04,95.08375000000001,2020.0
2020-04-05,97.745,2020.0
2020-04-06,105.48583333333333,2020.0
2020-04-07,106.16875,2020.0
2020-04-08,106.47791666666667,2020.0
2020-04-09,108.32166666666667,2020.0
2020-04-10,107.79791666666667,2020.0
2020-04-11,107.825,2020.0
2020-04-12,107.12958333333334,2020.0
2020-04-13,106.78416666666668,2020.0
2020-04-14,107.04375,2020.0
2020-04-15,104.92375,2020.0
2020-04-16,103.37124999999999,2020.0
2020-04-17,104.13499999999999,2020.0
2020-04-18,104.48708333333333,2020.0
2020-04-19,103.97458333333333,2020.0
2020-04-20,104.84375,2020.0
2020-04-21,104.48958333333333,2020.0
2020-04-22,103.07125,2020.0
2020-04-23,101.26875000000001,2020.0
2020-04-24,100.36458333333333,2020.0
2020-04-25,97.35458333333332,2020.0
2020-04-26,95.03083333333332,2020.0
2020-04-27,93.87416666666667,2020.0
2020-04-28,91.13333333333333,2020.0
2020-04-29,87.28833333333334,2020.0
2020-04-30,84.42333333333333,2020.0
2020-05-01,80.66875,2020.0
2020-05-02,80.24,2020.0
2020-05-03,78.75,2020.0
2020-05-04,78.10375,2020.0
2020-05-05,75.32375,2020.0
2020-05-06,74.98125,2020.0
2020-05-07,72.76541666666667,2020.0
2020-05-08,70.01375,2020.0
2020-05-09,65.18791666666667,2020.0
2020-05-10,59.17583333333334,2020.0
2020-05-11,58.50625,2020.0
2020-05-12,58.44958333333333,2020.0
2020-05-13,58.779583333333335,2020.0
2020-05-14,58.685,2020.0
2020-05-15,57.1175,2020.0
2020-05-16,54.00958333333333,2020.0
2020-05-17,52.94208333333333,2020.0
2020-05-18,53.7425,2020.0
2020-05-19,52.35583333333333,2020.0
2020-05-20,53.319583333333334,2020.0
2020-05-21,53.64208333333334,2020.0
2020-05-22,51.26208333333333,2020.0
2020-05-23,50.67625,2020.0
2020-05-24,47.44416666666667,2020.0
2020-05-25,43.40875,2020.0
2020-05-26,38.653749999999995,2020.0
2020-05-27,33.00875,2020.0
2020-05-28,26.563333333333333,2020.0
2020-05-29,21.50208333333333,2020.0
2020-05-30,16.18875,2020.0
2020-05-31,11.688749999999999,2020.0
2020-06-01,6.995,2020.0
2020-06-02,4.0616666666666665,2020.0
2020-06-03,1.62125,2020.0
2020-06-04,0.28125,2020.0
2020-06-05,0.03416666666666667,2020.0
2020-06-06,0.17833333333333334,2020.0
2020-06-07,0.10625000000000001,2020.0
2020-06-08,0.004583333333333334,2020.0
2020-06-09,0.0,2020.0
2020-06-10,0.0,2020.0
2020-06-11,0.0,2020.0
2020-06-12,0.04624999999999999,2020.0
2020-06-13,0.19000000000000003,2020.0
2020-06-14,0.0004166666666666667,2020.0
2020-06-15,0.0,2020.0
2020-06-16,0.0,2020.0
2020-06-17,0.0,2020.0
2020-06-18,0.0,2020.0
2020-06-19,0.0,2020.0
2020-06-20,0.0,2020.0
2020-06-21,0.0,2020.0
2020-06-22,0.0,2020.0
2020-06-23,0.0,2020.0
2020-06-24,0.0,2020.0
2020-06-25,0.0,2020.0
2020-06-26,0.0,2020.0
2020-06-27,0.0,2020.0
2020-06-28,0.0,2020.0
2020-06-29,0.0,2020.0
2020-06-30,0.0,2020.0
2020-07-01,0.0,2020.0
2020-07-02,0.0,2020.0
2020-07-03,0.0,2020.0
2020-07-04,0.0,2020.0
2020-07-05,0.0,2020.0
2020-07-06,0.0,2020.0
2020-07-07,0.0,2020.0
2020-07-08,0.0,2020.0
2020-07-09,0.0,2020.0
2020-07-10,0.0,2020.0
2020-07-11,0.0,2020.0
2020-07-12,0.0,2020.0
2020-07-13,0.0,2020.0
2020-07-14,0.0,2020.0
2020-07-15,0.0,2020.0
2020-07-16,0.0,2020.0
2020-07-17,0.0,2020.0
2020-07-18,0.0,2020.0
2020-07-19,0.0,2020.0
2020-07-20,0.0,2020.0
2020-07-21,0.0,2020.0
2020-07-22,0.0,2020.0
2020-07-23,0.0,2020.0
2020-07-24,0.0,2020.0
2020-07-25,0.0,2020.0
2020-07-26,0.0,2020.0
2020-07-27,0.0,2020.0
2020-07-28,0.0,2020.0
2020-07-29,0.0,2020.0
2020-07-30,0.0,2020.0
2020-07-31,0.0,2020.0
2020-08-01,0.0,2020.0
2020-08-02,0.0,2020.0
2020-08-03,0.0,2020.0
2020-08-04,0.0,2020.0
2020-08-05,0.0,2020.0
2020-08-06,0.0,2020.0
2020-08-07,0.0,2020.0
2020-08-08,0.0,2020.0
2020-08-09,0.0,2020.0
2020-08-10,0.0,2020.0
2020-08-11,0.0,2020.0
2020-08-12,0.0,2020.0
2020-08-13,0.0,2020.0
2020-08-14,0.0,2020.0
2020-08-15,0.0,2020.0
2020-08-16,0.0,2020.0
2020-08-17,0.0,2020.0
2020-08-18,0.0,2020.0
2020-08-19,0.0,2020.0
2020-08-20,0.0,2020.0
2020-08-21,0.0,2020.0
2020-08-22,0.0,2020.0
2020-08-23,0.0,2020.0
2020-08-24,0.0,2020.0
2020-08-25,0.0,2020.0
2020-08-26,0.0,2020.0
2020-08-27,0.0,2020.0
2020-08-28,0.0,2020.0
2020-08-29,0.0,2020.0
2020-08-30,0.0,2020.0
2020-08-31,0.0,2020.0
2020-09-01,0.0,2020.0
2020-09-02,0.0,2020.0
2020-09-03,0.0,2020.0
2020-09-04,0.0,2020.0
2020-09-05,0.0,2020.0
2020-09-06,0.0,2020.0
2020-09-07,0.0,2020.0
2020-09-08,0.0,2020.0
2020-09-09,0.0,2020.0
2020-09-10,0.0,2020.0
2020-09-11,0.0,2020.0
2020-09-12,0.0,2020.0
2020-09-13,0.0,2020.0
2020-09-14,0.0,2020.0
2020-09-15,0.0025,2020.0
2020-09-16,0.007083333333333333,2020.0
2020-09-17,0.004166666666666667,2020.0
2020-09-18,0.21208333333333332,2020.0
2020-09-19,0.18500000000000003,2020.0
2020-09-20,0.04416666666666667,2020.0
2020-09-21,0.012083333333333335,2020.0
2020-09-22,0.010833333333333334,2020.0
2020-09-23,0.00375,2020.0
2020-09-24,0.0020833333333333333,2020.0
2020-09-25,0.0,2020.0
2020-09-26,0.0,2020.0
2020-09-27,0.0,2020.0
2020-09-28,0.0008333333333333334,2020.0
2020-09-29,0.0,2020.0
2020-09-30,0.0,2020.0
2020-10-01,0.0,2021.0
2020-10-02,0.002916666666666667,2021.0
2020-10-03,0.006666666666666667,2021.0
2020-10-04,0.005,2021.0
2020-10-05,0.008333333333333333,2021.0
2020-10-06,0.01875,2021.0
2020-10-07,0.02,2021.0
2020-10-08,0.022083333333333333,2021.0
2020-10-09,0.05666666666666667,2021.0
2020-10-10,0.15166666666666667,2021.0
2020-10-11,0.0825,2021.0
2020-10-12,0.027083333333333334,2021.0
2020-10-13,0.0,2021.0
2020-10-14,0.0,2021.0
2020-10-15,0.0,2021.0
2020-10-16,0.0,2021.0
2020-10-17,0.0,2021.0
2020-10-18,0.0,2021.0
2020-10-19,0.0,2021.0
2020-10-20,0.0,2021.0
2020-10-21,0.0,2021.0
2020-10-22,0.0,2021.0
2020-10-23,0.0,2021.0
2020-10-24,0.0,2021.0
2020-10-25,0.0,2021.0
2020-10-26,0.007083333333333333,2021.0
2020-10-27,0.0004166666666666667,2021.0
2020-10-28,0.0,2021.0
2020-10-29,0.0,2021.0
2020-10-30,0.0,2021.0
2020-10-31,0.0,2021.0
2020-11-01,0.0,2021.0
2020-11-02,0.0,2021.0
2020-11-03,0.0,2021.0
2020-11-04,0.0,2021.0
2020-11-05,0.0,2021.0
2020-11-06,0.43250000000000005,2021.0
2020-11-07,2.845833333333333,2021.0
2020-11-08,7.095416666666666,2021.0
2020-11-09,8.034166666666666,2021.0
2020-11-10,7.9191666666666665,2021.0
2020-11-11,7.892500000000001,2021.0
2020-11-12,7.886666666666667,2021.0
2020-11-13,9.392916666666666,2021.0
2020-11-14,9.43375,2021.0
2020-11-15,9.122916666666667,2021.0
2020-11-16,8.768749999999999,2021.0
2020-11-17,8.690833333333334,2021.0
2020-11-18,11.27375,2021.0
2020-11-19,13.417916666666668,2021.0
2020-11-20,13.496250000000002,2021.0
2020-11-21,13.44625,2021.0
2020-11-22,13.542916666666665,2021.0
2020-11-23,13.624166666666667,2021.0
2020-11-24,13.547916666666666,2021.0
2020-11-25,13.482916666666668,2021.0
2020-11-26,13.654583333333333,2021.0
2020-11-27,13.529583333333333,2021.0
2020-11-28,13.335416666666667,2021.0
2020-11-29,13.355833333333335,2021.0
2020-11-30,13.218333333333334,2021.0
2020-12-01,13.163333333333334,2021.0
2020-12-02,13.126666666666667,2021.0
2020-12-03,13.141666666666666,2021.0
2020-12-04,13.102916666666667,2021.0
2020-12-05,13.030416666666667,2021.0
2020-12-06,13.115,2021.0
2020-12-07,13.253749999999998,2021.0
2020-12-08,13.127916666666666,2021.0
2020-12-09,12.955,2021.0
2020-12-10,13.101666666666667,2021.0
2020-12-11,13.102083333333333,2021.0
2020-12-12,15.245416666666666,2021.0
2020-12-13,16.442083333333333,2021.0
2020-12-14,18.225416666666664,2021.0
2020-12-15,18.19125,2021.0
2020-12-16,18.140416666666667,2021.0
2020-12-17,20.205000000000002,2021.0
2020-12-18,20.930416666666666,2021.0
2020-12-19,20.800833333333333,2021.0
2020-12-20,20.728333333333335,2021.0
2020-12-21,20.72791666666667,2021.0
2020-12-22,21.332083333333333,2021.0
2020-12-23,21.623333333333335,2021.0
2020-12-24,21.514583333333334,2021.0
2020-12-25,21.635833333333334,2021.0
2020-12-26,23.75208333333333,2021.0
2020-12-27,24.81958333333333,2021.0
2020-12-28,25.624583333333334,2021.0
2020-12-29,25.991666666666664,2021.0
2020-12-30,25.99791666666667,2021.0
2020-12-31,26.325,2021.0
2021-01-01,26.3625,2021.0
2021-01-02,30.440833333333334,2021.0
2021-01-03,32.93625,2021.0
2021-01-04,33.10166666666667,2021.0
2021-01-05,34.0925,2021.0
2021-01-06,34.303333333333335,2021.0
2021-01-07,34.73708333333333,2021.0
2021-01-08,34.65375,2021.0
2021-01-09,34.674166666666665,2021.0
2021-01-10,34.55083333333334,2021.0
2021-01-11,34.5175,2021.0
2021-01-12,34.40375,2021.0
2021-01-13,34.253750000000004,2021.0
2021-01-14,34.27458333333333,2021.0
2021-01-15,34.16833333333333,2021.0
2021-01-16,34.155,2021.0
2021-01-17,34.26958333333334,2021.0
2021-01-18,34.462916666666665,2021.0
2021-01-19,34.842083333333335,2021.0
2021-01-20,34.791666666666664,2021.0
2021-01-21,34.543749999999996,2021.0
2021-01-22,34.80833333333333,2021.0
2021-01-23,35.77333333333333,2021.0
2021-01-24,36.645833333333336,2021.0
2021-01-25,39.46791666666667,2021.0
2021-01-26,41.456250000000004,2021.0
2021-01-27,48.74458333333333,2021.0
2021-01-28,59.486250000000005,2021.0
2021-01-29,65.78791666666667,2021.0
2021-01-30,69.47833333333334,2021.0
2021-01-31,69.37125,2021.0
2021-02-01,69.27625,2021.0
2021-02-02,69.2025,2021.0
2021-02-03,68.2175,2021.0
2021-02-04,67.66,2021.0
2021-02-05,67.52041666666666,2021.0
2021-02-06,67.45166666666667,2021.0
2021-02-07,67.36041666666667,2021.0
2021-02-08,67.29041666666667,2021.0
2021-02-09,67.25583333333334,2021.0
2021-02-10,67.20208333333333,2021.0
2021-02-11,67.34916666666668,2021.0
2021-02-12,71.28791666666667,2021.0
2021-02-13,72.08208333333333,2021.0
2021-02-14,72.09333333333333,2021.0
2021-02-15,72.41791666666667,2021.0
2021-02-16,72.88416666666667,2021.0
2021-02-17,72.92458333333333,2021.0
2021-02-18,72.73083333333334,2021.0
2021-02-19,72.21625,2021.0
2021-02-20,72.02208333333333,2021.0
2021-02-21,71.87375,2021.0
2021-02-22,71.73333333333333,2021.0
2021-02-23,71.65791666666667,2021.0
2021-02-24,71.67083333333333,2021.0
2021-02-25,71.6775,2021.0
2021-02-26,71.55,2021.0
2021-02-27,71.53041666666667,2021.0
2021-02-28,71.45916666666666,2021.0
2021-03-01,71.24958333333333,2021.0
2021-03-02,71.16583333333334,2021.0
2021-03-03,71.12083333333334,2021.0
2021-03-04,71.02041666666666,2021.0
2021-03-05,70.67958333333333,2021.0
2021-03-06,70.60458333333334,2021.0
2021-03-07,70.39541666666666,2021.0
2021-03-08,70.48625,2021.0
2021-03-09,70.80708333333334,2021.0
2021-03-10,72.86916666666667,2021.0
2021-03-11,74.35083333333333,2021.0
2021-03-12,75.44500000000001,2021.0
2021-03-13,75.68875,2021.0
2021-03-14,75.55166666666666,2021.0
2021-03-15,77.47416666666666,2021.0
2021-03-16,78.4825,2021.0
2021-03-17,78.38125000000001,2021.0
2021-03-18,78.3425,2021.0
2021-03-19,80.12291666666667,2021.0
2021-03-20,84.72791666666667,2021.0
2021-03-21,85.18083333333333,2021.0
2021-03-22,85.19083333333333,2021.0
2021-03-23,86.01208333333334,2021.0
2021-03-24,85.84249999999999,2021.0
2021-03-25,85.82541666666667,2021.0
2021-03-26,86.60374999999999,2021.0
2021-03-27,86.57166666666666,2021.0
2021-03-28,86.13541666666667,2021.0
2021-03-29,85.78250000000001,2021.0
2021-03-30,85.60166666666667,2021.0
2021-03-31,85.23833333333333,2021.0
2021-04-01,84.19583333333334,2021.0
2021-04-02,83.39999999999999,2021.0
2021-04-03,82.48625,2021.0
2021-04-04,81.655,2021.0
2021-04-05,81.23625,2021.0
2021-04-06,80.82458333333334,2021.0
2021-04-07,79.61125,2021.0
2021-04-08,78.72375000000001,2021.0
2021-04-09,77.46791666666667,2021.0
2021-04-10,76.34166666666667,2021.0
2021-04-11,75.13166666666667,2021.0
2021-04-12,74.57833333333333,2021.0
2021-04-13,74.3125,2021.0
2021-04-14,75.05333333333333,2021.0
2021-04-15,75.80458333333333,2021.0
2021-04-16,75.865,2021.0
2021-04-17,75.48416666666667,2021.0
2021-04-18,74.60166666666667,2021.0
2021-04-19,73.06708333333334,2021.0
2021-04-20,71.48333333333333,2021.0
2021-04-21,71.03041666666667,2021.0
2021-04-22,70.98541666666667,2021.0
2021-04-23,69.87166666666667,2021.0
2021-04-24,68.97083333333333,2021.0
2021-04-25,69.89958333333333,2021.0
2021-04-26,70.885,2021.0
2021-04-27,70.97958333333334,2021.0
2021-04-28,70.73708333333333,2021.0
2021-04-29,69.04041666666667,2021.0
2021-04-30,65.88833333333334,2021.0
2021-05-01,62.953333333333326,2021.0
2021-05-02,60.990833333333335,2021.0
2021-05-03,59.515416666666674,2021.0
2021-05-04,57.04291666666666,2021.0
2021-05-05,54.17458333333334,2021.0
2021-05-06,50.729166666666664,2021.0
2021-05-07,47.65208333333334,2021.0
2021-05-08,45.404583333333335,2021.0
2021-05-09,42.826249999999995,2021.0
2021-05-10,39.72208333333334,2021.0
2021-05-11,35.73,2021.0
2021-05-12,31.403333333333332,2021.0
2021-05-13,26.575416666666666,2021.0
2021-05-14,21.05333333333333,2021.0
2021-05-15,15.694166666666668,2021.0
2021-05-16,11.849583333333333,2021.0
2021-05-17,7.814583333333334,2021.0
2021-05-18,4.452916666666667,2021.0
2021-05-19,2.2920833333333333,2021.0
2021-05-20,0.8891666666666667,2021.0
2021-05-21,1.1008333333333333,2021.0
2021-05-22,1.26125,2021.0
2021-05-23,0.6675,2021.0
2021-05-24,0.2454166666666667,2021.0
2021-05-25,0.08583333333333333,2021.0
2021-05-26,0.0020833333333333333,2021.0
2021-05-27,0.0,2021.0
2021-05-28,0.0,2021.0
2021-05-29,0.0,2021.0
2021-05-30,0.0,2021.0
2021-05-31,0.0,2021.0
2021-06-01,0.0,2021.0
2021-06-02,0.0,2021.0
2021-06-03,0.0,2021.0
2021-06-04,0.0,2021.0
2021-06-05,0.0,2021.0
2021-06-06,0.0,2021.0
2021-06-07,0.0,2021.0
2021-06-08,0.0,2021.0
2021-06-09,0.0,2021.0
2021-06-10,0.0,2021.0
2021-06-11,0.0,2021.0
2021-06-12,0.0,2021.0
2021-06-13,0.0,2021.0
2021-06-14,0.0,2021.0
2021-06-15,0.0,2021.0
2021-06-16,0.0,2021.0
2021-06-17,0.0,2021.0
2021-06-18,0.0,2021.0
2021-06-19,0.0,2021.0
2021-06-20,0.0,2021.0
2021-06-21,0.0,2021.0
2021-06-22,0.0,2021.0
2021-06-23,0.0,2021.0
2021-06-24,0.0,2021.0
2021-06-25,0.0,2021.0
2021-06-26,0.0,2021.0
2021-06-27,0.0,2021.0
2021-06-28,0.0,2021.0
2021-06-29,0.0,2021.0
2021-06-30,0.0,2021.0
2021-07-01,0.0,2021.0
2021-07-02,0.0,2021.0
2021-07-03,0.0,2021.0
2021-07-04,0.0,2021.0
2021-07-05,0.0,2021.0
2021-07-06,0.0,2021.0
2021-07-07,0.0,2021.0
2021-07-08,0.0,2021.0
2021-07-09,0.0,2021.0
2021-07-10,0.0,2021.0
2021-07-11,0.0,2021.0
2021-07-12,0.0,2021.0
2021-07-13,0.0,2021.0
2021-07-14,0.0,2021.0
2021-07-15,0.0,2021.0
2021-07-16,0.0,2021.0
2021-07-17,0.0,2021.0
2021-07-18,0.0,2021.0
2021-07-19,0.0,2021.0
2021-07-20,0.0,2021.0
2021-07-21,0.0,2021.0
2021-07-22,0.0,2021.0
2021-07-23,0.0,2021.0
2021-07-24,0.0,2021.0
2021-07-25,0.0,2021.0
2021-07-26,0.0,2021.0
2021-07-27,0.0,2021.0
2021-07-28,0.0,2021.0
2021-07-29,0.0,2021.0
2021-07-30,0.0,2021.0
2021-07-31,0.0,2021.0
2021-08-01,0.0,2021.0
2021-08-02,0.0,2021.0
2021-08-03,0.0,2021.0
2021-08-04,0.0,2021.0
2021-08-05,0.0,2021.0
2021-08-06,0.0,2021.0
2021-08-07,0.0,2021.0
2021-08-08,0.0,2021.0
2021-08-09,0.0,2021.0
2021-08-10,0.0,2021.0
2021-08-11,0.0,2021.0
2021-08-12,0.0,2021.0
2021-08-13,0.0,2021.0
2021-08-14,0.0,2021.0
2021-08-15,0.0,2021.0
2021-08-16,0.0,2021.0
2021-08-17,0.0,2021.0
2021-08-18,0.0,2021.0
2021-08-19,0.0,2021.0
2021-08-20,0.0,2021.0
2021-08-21,0.0,2021.0
2021-08-22,0.0,2021.0
2021-08-23,0.0,2021.0
2021-08-24,0.0,2021.0
2021-08-25,0.0,2021.0
2021-08-26,0.0,2021.0
2021-08-27,0.0,2021.0
2021-08-28,0.0,2021.0
2021-08-29,0.0,2021.0
2021-08-30,0.0,2021.0
2021-08-31,0.0,2021.0
2021-09-01,0.0,2021.0
2021-09-02,0.0,2021.0
2021-09-03,0.0,2021.0
2021-09-04,0.0,2021.0
2021-09-05,0.0,2021.0
2021-09-06,0.0,2021.0
2021-09-07,0.0,2021.0
2021-09-08,0.0,2021.0
2021-09-09,0.0,2021.0
2021-09-10,0.0,2021.0
2021-09-11,0.0,2021.0
2021-09-12,0.0,2021.0
2021-09-13,0.0,2021.0
2021-09-14,0.0,2021.0
2021-09-15,0.0,2021.0
2021-09-16,0.0,2021.0
2021-09-17,0.0,2021.0
2021-09-18,0.0,2021.0
2021-09-19,0.0,2021.0
2021-09-20,0.0,2021.0
2021-09-21,0.0,2021.0
2021-09-22,0.0,2021.0
2021-09-23,0.0,2021.0
2021-09-24,0.0,2021.0
2021-09-25,0.0,2021.0
2021-09-26,0.0,2021.0
2021-09-27,0.0,2021.0
2021-09-28,0.0,2021.0
2021-09-29,0.0,2021.0
2021-09-30,0.0,2021.0
2021-10-01,0.0,2022.0
2021-10-02,0.0,2022.0
2021-10-03,0.0,2022.0
2021-10-04,0.0,2022.0
2021-10-05,0.0,2022.0
2021-10-06,0.005416666666666667,2022.0
2021-10-07,0.0,2022.0
2021-10-08,2.59375,2022.0
2021-10-09,3.89,2022.0
2021-10-10,3.719583333333333,2022.0
2021-10-11,4.1425,2022.0
2021-10-12,5.318333333333333,2022.0
2021-10-13,5.3025,2022.0
2021-10-14,5.5058333333333325,2022.0
2021-10-15,5.478750000000001,2022.0
2021-10-16,5.096666666666667,2022.0
2021-10-17,4.6275,2022.0
2021-10-18,6.691666666666666,2022.0
2021-10-19,7.0495833333333335,2022.0
2021-10-20,6.3,2022.0
2021-10-21,6.114166666666667,2022.0
2021-10-22,5.441666666666666,2022.0
2021-10-23,5.565833333333334,2022.0
2021-10-24,7.08875,2022.0
2021-10-25,16.014166666666668,2022.0
2021-10-26,19.38375,2022.0
2021-10-27,19.36916666666667,2022.0
2021-10-28,18.999166666666667,2022.0
2021-10-29,18.40041666666667,2022.0
2021-10-30,17.89166666666667,2022.0
2021-10-31,17.481666666666666,2022.0
2021-11-01,17.188333333333333,2022.0
2021-11-02,16.848333333333333,2022.0
2021-11-03,16.395833333333332,2022.0
2021-11-04,15.77625,2022.0
2021-11-05,15.282083333333333,2022.0
2021-11-06,15.232083333333334,2022.0
2021-11-07,14.662083333333333,2022.0
2021-11-08,15.937083333333334,2022.0
2021-11-09,20.29,2022.0
2021-11-10,20.612083333333334,2022.0
2021-11-11,20.048333333333332,2022.0
2021-11-12,19.660416666666666,2022.0
2021-11-13,19.9425,2022.0
2021-11-14,20.36916666666667,2022.0
2021-11-15,20.054166666666667,2022.0
2021-11-16,19.520833333333332,2022.0
2021-11-17,20.218333333333334,2022.0
2021-11-18,20.397916666666667,2022.0
2021-11-19,19.665833333333335,2022.0
2021-11-20,20.965833333333332,2022.0
2021-11-21,22.922083333333333,2022.0
2021-11-22,24.210416666666664,2022.0
2021-11-23,19.965,2022.0
2021-11-24,17.815,2022.0
2021-11-25,14.227916666666667,2022.0
2021-11-26,11.672916666666666,2022.0
2021-11-27,11.430833333333332,2022.0
2021-11-28,13.381666666666668,2022.0
2021-11-29,15.555833333333334,2022.0
2021-11-30,16.844583333333333,2022.0
2021-12-01,17.563333333333333,2022.0
2021-12-02,17.03708333333333,2022.0
2021-12-03,15.160000000000002,2022.0
2021-12-04,14.287083333333333,2022.0
2021-12-05,14.2325,2022.0
2021-12-06,13.204583333333332,2022.0
2021-12-07,14.630833333333333,2022.0
2021-12-08,16.6275,2022.0
2021-12-09,19.30375,2022.0
2021-12-10,21.06833333333333,2022.0
2021-12-11,22.053749999999997,2022.0
2021-12-12,22.32375,2022.0
2021-12-13,26.905833333333334,2022.0
2021-12-14,37.3975,2022.0
2021-12-15,46.66958333333333,2022.0
2021-12-16,49.34916666666667,2022.0
2021-12-17,50.095,2022.0
2021-12-18,50.23833333333334,2022.0
2021-12-19,50.4475,2022.0
2021-12-20,50.380833333333335,2022.0
2021-12-21,50.263749999999995,2022.0
2021-12-22,51.88791666666666,2022.0
2021-12-23,60.53583333333333,2022.0
2021-12-24,67.89958333333333,2022.0
2021-12-25,71.57958333333333,2022.0
2021-12-26,76.51666666666667,2022.0
2021-12-27,86.08333333333333,2022.0
2021-12-28,98.90208333333334,2022.0
2021-12-29,100.46875,2022.0
2021-12-30,102.73666666666666,2022.0
2021-12-31,104.62083333333334,2022.0
2022-01-01,104.95583333333333,2022.0
2022-01-02,104.88375,2022.0
2022-01-03,104.55916666666667,2022.0
2022-01-04,103.88625,2022.0
2022-01-05,103.6225,2022.0
2022-01-06,103.4375,2022.0
2022-01-07,103.42166666666667,2022.0
2022-01-08,103.4925,2022.0
2022-01-09,103.4225,2022.0
2022-01-10,103.22166666666668,2022.0
2022-01-11,103.07875,2022.0
2022-01-12,102.87041666666666,2022.0
2022-01-13,102.695,2022.0
2022-01-14,102.62416666666667,2022.0
2022-01-15,102.56625000000001,2022.0
2022-01-16,102.37875000000001,2022.0
2022-01-17,102.3325,2022.0
2022-01-18,102.30125,2022.0
2022-01-19,102.26833333333333,2022.0
2022-01-20,102.18083333333334,2022.0
2022-01-21,102.21666666666665,2022.0
2022-01-22,102.3225,2022.0
2022-01-23,102.1175,2022.0
2022-01-24,101.89458333333333,2022.0
2022-01-25,101.96166666666666,2022.0
2022-01-26,101.97375,2022.0
2022-01-27,101.90083333333332,2022.0
2022-01-28,101.85916666666667,2022.0
2022-01-29,101.76083333333334,2022.0
2022-01-30,101.62875000000001,2022.0
2022-01-31,101.34666666666668,2022.0
2022-02-01,101.45583333333333,2022.0
2022-02-02,101.57541666666667,2022.0
2022-02-03,101.36666666666667,2022.0
2022-02-04,101.31291666666668,2022.0
2022-02-05,101.10208333333333,2022.0
2022-02-06,100.93916666666667,2022.0
2022-02-07,100.78666666666668,2022.0
2022-02-08,100.79375,2022.0
2022-02-09,100.73875,2022.0
2022-02-10,100.51166666666667,2022.0
2022-02-11,100.60041666666666,2022.0
2022-02-12,100.94625,2022.0
2022-02-13,101.35083333333334,2022.0
2022-02-14,101.91875,2022.0
2022-02-15,102.93,2022.0
2022-02-16,103.42666666666666,2022.0
2022-02-17,103.59291666666667,2022.0
2022-02-18,103.65541666666667,2022.0
2022-02-19,103.87208333333332,2022.0
2022-02-20,103.79875,2022.0
2022-02-21,104.20583333333333,2022.0
2022-02-22,104.72791666666666,2022.0
2022-02-23,105.04375,2022.0
2022-02-24,104.99681818181817,2022.0
2022-02-25,105.14999999999999,2022.0
2022-02-26,104.91125,2022.0
2022-02-27,104.53416666666668,2022.0
2022-02-28,104.35083333333334,2022.0
2022-03-01,103.58166666666666,2022.0
2022-03-02,103.265,2022.0
2022-03-03,103.28625,2022.0
2022-03-04,103.42291666666667,2022.0
2022-03-05,104.09125,2022.0
2022-03-06,104.23208333333334,2022.0
2022-03-07,104.49666666666667,2022.0
2022-03-08,104.62208333333332,2022.0
2022-03-09,104.20416666666667,2022.0
2022-03-10,105.41291666666666,2022.0
2022-03-11,105.61166666666666,2022.0
2022-03-12,104.99791666666665,2022.0
2022-03-13,105.28458333333333,2022.0
2022-03-14,103.67458333333333,2022.0
2022-03-15,103.29416666666667,2022.0
2022-03-16,104.66333333333334,2022.0
2022-03-17,105.48541666666667,2022.0
2022-03-18,105.17083333333333,2022.0
2022-03-19,106.28416666666668,2022.0
2022-03-20,108.31541666666668,2022.0
2022-03-21,108.63791666666667,2022.0
2022-03-22,106.735,2022.0
2022-03-23,103.14291666666666,2022.0
2022-03-24,102.55208333333333,2022.0
2022-03-25,103.28250000000001,2022.0
2022-03-26,102.67666666666666,2022.0
2022-03-27,101.70041666666667,2022.0
2022-03-28,102.59708333333333,2022.0
2022-03-29,103.64875,2022.0
2022-03-30,103.56375000000001,2022.0
2022-03-31,102.98333333333333,2022.0
2022-04-01,102.05,2022.0
2022-04-02,99.72666666666667,2022.0
2022-04-03,98.93458333333332,2022.0
2022-04-04,97.78500000000001,2022.0
2022-04-05,95.78833333333334,2022.0
2022-04-06,93.86416666666666,2022.0
2022-04-07,91.79375,2022.0
2022-04-08,88.76208333333334,2022.0
2022-04-09,86.09916666666668,2022.0
2022-04-10,84.9425,2022.0
2022-04-11,86.42,2022.0
2022-04-12,86.99416666666667,2022.0
2022-04-13,86.17333333333333,2022.0
2022-04-14,86.01208333333334,2022.0
2022-04-15,85.155,2022.0
2022-04-16,87.67625,2022.0
2022-04-17,90.10291666666666,2022.0
2022-04-18,89.67041666666667,2022.0
2022-04-19,89.64416666666666,2022.0
2022-04-20,89.05791666666666,2022.0
2022-04-21,89.59333333333335,2022.0
2022-04-22,93.99833333333333,2022.0
2022-04-23,94.22333333333334,2022.0
2022-04-24,94.15125,2022.0
2022-04-25,93.68416666666667,2022.0
2022-04-26,92.90416666666665,2022.0
2022-04-27,92.45916666666666,2022.0
2022-04-28,92.295,2022.0
2022-04-29,91.57166666666666,2022.0
2022-04-30,88.52666666666666,2022.0
2022-05-01,87.04708333333333,2022.0
2022-05-02,84.88833333333334,2022.0
2022-05-03,83.62791666666666,2022.0
2022-05-04,80.62291666666667,2022.0
2022-05-05,77.10833333333333,2022.0
2022-05-06,73.96041666666666,2022.0
2022-05-07,69.34541666666667,2022.0
2022-05-08,68.09583333333333,2022.0
2022-05-09,68.86166666666666,2022.0
2022-05-10,70.43083333333333,2022.0
2022-05-11,70.7975,2022.0
2022-05-12,71.07916666666667,2022.0
2022-05-13,68.18083333333333,2022.0
2022-05-14,62.39541666666667,2022.0
2022-05-15,56.9725,2022.0
2022-05-16,51.26416666666666,2022.0
2022-05-17,46.95458333333334,2022.0
2022-05-18,42.75541666666666,2022.0
2022-05-19,37.52875,2022.0
2022-05-20,32.94708333333333,2022.0
2022-05-21,29.625,2022.0
2022-05-22,24.905833333333334,2022.0
2022-05-23,18.860416666666666,2022.0
2022-05-24,12.42125,2022.0
2022-05-25,5.86625,2022.0
2022-05-26,1.1079166666666667,2022.0
2022-05-27,0.2775,2022.0
2022-05-28,0.3441666666666667,2022.0
2022-05-29,0.14291666666666666,2022.0
2022-05-30,0.004583333333333333,2022.0
2022-05-31,0.0,2022.0
2022-06-01,0.0,2022.0
2022-06-02,0.0,2022.0
2022-06-03,0.0,2022.0
2022-06-04,0.0,2022.0
2022-06-05,0.0,2022.0
2022-06-06,0.0,2022.0
2022-06-07,0.0,2022.0
2022-06-08,0.0,2022.0
2022-06-09,0.0,2022.0
2022-06-10,0.0,2022.0
2022-06-11,0.0,2022.0
2022-06-12,0.0,2022.0
2022-06-13,0.0,2022.0
2022-06-14,0.0,2022.0
2022-06-15,0.0,2022.0
2022-06-16,0.0,2022.0
2022-06-17,0.0,2022.0
2022-06-18,0.0,2022.0
2022-06-19,0.0,2022.0
2022-06-20,0.0,2022.0
2022-06-21,0.0,2022.0
2022-06-22,0.0,2022.0
2022-06-23,0.0,2022.0
2022-06-24,0.0,2022.0
2022-06-25,0.0,2022.0
2022-06-26,0.0,2022.0
2022-06-27,0.0,2022.0
2022-06-28,0.0,2022.0
2022-06-29,0.0,2022.0
2022-06-30,0.0,2022.0
2022-07-01,0.0,2022.0
2022-07-02,0.0,2022.0
2022-07-03,0.0,2022.0
2022-07-04,0.0,2022.0
2022-07-05,0.0,2022.0
2022-07-06,0.0,2022.0
2022-07-07,0.0,2022.0
2022-07-08,0.0,2022.0
2022-07-09,0.0,2022.0
2022-07-10,0.0,2022.0
2022-07-11,0.0,2022.0
2022-07-12,0.0,2022.0
2022-07-13,0.0,2022.0
2022-07-14,0.0,2022.0
2022-07-15,0.0,2022.0
2022-07-16,0.0,2022.0
2022-07-17,0.0,2022.0
2022-07-18,0.0,2022.0
2022-07-19,0.0,2022.0
2022-07-20,0.0,2022.0
2022-07-21,0.0,2022.0
2022-07-22,0.0,2022.0
2022-07-23,0.0,2022.0
2022-07-24,0.0,2022.0
2022-07-25,0.0,2022.0
2022-07-26,0.0,2022.0
2022-07-27,0.0,2022.0
2022-07-28,0.0,2022.0
2022-07-29,0.0,2022.0
2022-07-30,0.0,2022.0
2022-07-31,0.0,2022.0
2022-08-01,0.0,2022.0
2022-08-02,0.0,2022.0
2022-08-03,0.0,2022.0
2022-08-04,0.0033333333333333335,2022.0
2022-08-05,0.16,2022.0
2022-08-06,0.05625,2022.0
2022-08-07,0.0,2022.0
2022-08-08,0.0,2022.0
2022-08-09,0.0,2022.0
2022-08-10,0.0,2022.0
2022-08-11,0.0,2022.0
2022-08-12,0.0,2022.0
2022-08-13,0.0,2022.0
2022-08-14,0.0,2022.0
2022-08-15,0.0,2022.0
2022-08-16,0.0,2022.0
2022-08-17,0.0,2022.0
2022-08-18,0.0,2022.0
2022-08-19,0.0,2022.0
2022-08-20,0.0,2022.0
2022-08-21,0.0,2022.0
2022-08-22,0.0,2022.0
2022-08-23,0.0,2022.0
2022-08-24,0.0,2022.0
2022-08-25,0.0,2022.0
2022-08-26,0.0,2022.0
2022-08-27,0.0,2022.0
2022-08-28,0.0,2022.0
2022-08-29,0.0,2022.0
2022-08-30,0.0,2022.0
2022-08-31,,2022.0
2022-09-01,,2022.0
2022-09-02,0.0,2022.0
2022-09-03,0.0,2022.0
2022-09-04,0.0,2022.0
2022-09-05,0.0,2022.0
2022-09-06,0.0,2022.0
2022-09-07,0.0,2022.0
2022-09-08,0.0,2022.0
2022-09-09,0.0,2022.0
2022-09-10,0.0,2022.0
2022-09-11,0.0,2022.0
2022-09-12,0.0,2022.0
2022-09-13,0.0008333333333333334,2022.0
2022-09-14,0.0,2022.0
2022-09-15,0.0,2022.0
2022-09-16,0.0,2022.0
2022-09-17,0.0,2022.0
2022-09-18,0.0,2022.0
2022-09-19,0.0,2022.0
2022-09-20,0.0016666666666666668,2022.0
2022-09-21,0.007083333333333334,2022.0
2022-09-22,0.0,2022.0
2022-09-23,0.0,2022.0
2022-09-24,0.0,2022.0
2022-09-25,0.0,2022.0
2022-09-26,0.0,2022.0
2022-09-27,0.0,2022.0
2022-09-28,0.0,2022.0
2022-09-29,0.0,2022.0
2022-09-30,0.0,2022.0
2022-10-01,0.0,2023.0
2022-10-02,0.0,2023.0
2022-10-03,0.0,2023.0
2022-10-04,0.0,2023.0
2022-10-05,0.0,2023.0
2022-10-06,0.0,2023.0
2022-10-07,0.0,2023.0
2022-10-08,0.0,2023.0
2022-10-09,0.0,2023.0
2022-10-10,0.0,2023.0
2022-10-11,0.0,2023.0
2022-10-12,0.0,2023.0
2022-10-13,0.0,2023.0
2022-10-14,0.0,2023.0
2022-10-15,0.0,2023.0
2022-10-16,0.0,2023.0
2022-10-17,0.0,2023.0
2022-10-18,0.0,2023.0
2022-10-19,0.0,2023.0
2022-10-20,0.0,2023.0
2022-10-21,0.0,2023.0
2022-10-22,0.11708333333333333,2023.0
2022-10-23,0.18958333333333333,2023.0
2022-10-24,0.02625,2023.0
2022-10-25,0.0062499999999999995,2023.0
2022-10-26,0.014166666666666668,2023.0
2022-10-27,0.00875,2023.0
2022-10-28,0.029583333333333333,2023.0
2022-10-29,0.0,2023.0
2022-10-30,0.0,2023.0
2022-10-31,0.0008333333333333334,2023.0
2022-11-01,0.9008333333333334,2023.0
2022-11-02,3.3666666666666667,2023.0
2022-11-03,4.007916666666667,2023.0
2022-11-04,3.8541666666666665,2023.0
2022-11-05,3.77,2023.0
2022-11-06,5.689583333333334,2023.0
2022-11-07,10.18875,2023.0
2022-11-08,17.80875,2023.0
2022-11-09,25.33375,2023.0
2022-11-10,26.162499999999998,2023.0
2022-11-11,25.965,2023.0
2022-11-12,27.254583333333333,2023.0
2022-11-13,27.602083333333336,2023.0
2022-11-14,27.58875,2023.0
2022-11-15,27.662916666666664,2023.0
2022-11-16,27.667083333333334,2023.0
2022-11-17,27.6675,2023.0
2022-11-18,27.765833333333333,2023.0
2022-11-19,27.930000000000003,2023.0
2022-11-20,27.91625,2023.0
2022-11-21,27.923333333333332,2023.0
2022-11-22,27.92958333333333,2023.0
2022-11-23,27.903750000000002,2023.0
2022-11-24,27.837083333333336,2023.0
2022-11-25,27.669166666666666,2023.0
2022-11-26,27.594583333333333,2023.0
2022-11-27,27.64125,2023.0
2022-11-28,27.529583333333335,2023.0
2022-11-29,27.351249999999997,2023.0
2022-11-30,27.352083333333336,2023.0
2022-12-01,29.152916666666666,2023.0
2022-12-02,34.36,2023.0
2022-12-03,36.557916666666664,2023.0
2022-12-04,42.31458333333333,2023.0
2022-12-05,43.45916666666667,2023.0
2022-12-06,44.22,2023.0
2022-12-07,44.46541666666667,2023.0
2022-12-08,45.00625,2023.0
2022-12-09,47.73333333333333,2023.0
2022-12-10,51.28458333333333,2023.0
2022-12-11,57.12625,2023.0
2022-12-12,58.09625,2023.0
2022-12-13,58.22083333333333,2023.0
2022-12-14,58.199999999999996,2023.0
2022-12-15,58.220416666666665,2023.0
2022-12-16,58.28583333333333,2023.0
2022-12-17,58.346666666666664,2023.0
2022-12-18,58.3825,2023.0
2022-12-19,58.47958333333333,2023.0
2022-12-20,59.88125,2023.0
2022-12-21,60.280833333333334,2023.0
2022-12-22,60.11166666666667,2023.0
2022-12-23,60.03041666666667,2023.0
2022-12-24,59.932916666666664,2023.0
2022-12-25,59.817499999999995,2023.0
2022-12-26,59.62875,2023.0
2022-12-27,65.80708333333334,2023.0
2022-12-28,71.73625,2023.0
2022-12-29,74.82958333333333,2023.0
2022-12-30,85.68083333333334,2023.0
2022-12-31,93.2,2023.0
2023-01-01,109.84916666666668,2023.0
2023-01-02,113.13291666666667,2023.0
2023-01-03,121.70708333333333,2023.0
2023-01-04,122.28249999999998,2023.0
2023-01-05,127.675,2023.0
2023-01-06,132.05041666666668,2023.0
2023-01-07,131.94541666666666,2023.0
2023-01-08,135.25958333333332,2023.0
2023-01-09,144.00333333333333,2023.0
2023-01-10,154.35166666666666,2023.0
2023-01-11,162.45583333333335,2023.0
2023-01-12,164.64583333333334,2023.0
2023-01-13,165.30541666666667,2023.0
2023-01-14,169.455,2023.0
2023-01-15,180.97583333333333,2023.0
2023-01-16,189.86541666666668,2023.0
2023-01-17,193.67916666666667,2023.0
2023-01-18,194.10541666666666,2023.0
2023-01-19,196.60458333333335,2023.0
2023-01-20,197.6604166666667,2023.0
2023-01-21,198.16125,2023.0
2023-01-22,198.17708333333334,2023.0
2023-01-23,198.43208333333334,2023.0
2023-01-24,198.50166666666667,2023.0
2023-01-25,198.70791666666665,2023.0
2023-01-26,198.84416666666667,2023.0
2023-01-27,198.90875000000003,2023.0
2023-01-28,198.92875,2023.0
2023-01-29,198.77125,2023.0
2023-01-30,199.4075,2023.0
2023-01-31,199.52541666666664,2023.0
2023-02-01,199.48708333333332,2023.0
2023-02-02,199.4595833333333,2023.0
2023-02-03,199.06958333333333,2023.0
2023-02-04,198.78083333333333,2023.0
2023-02-05,201.53,2023.0
2023-02-06,202.53666666666666,2023.0
2023-02-07,202.47833333333332,2023.0
2023-02-08,202.4825,2023.0
2023-02-09,202.51,2023.0
2023-02-10,202.55999999999997,2023.0
2023-02-11,202.66125,2023.0
2023-02-12,202.70666666666668,2023.0
2023-02-13,202.68541666666667,2023.0
2023-02-14,202.01333333333332,2023.0
2023-02-15,202.3204347826087,2023.0
2023-02-16,202.36249999999998,2023.0
2023-02-17,202.54333333333332,2023.0
2023-02-18,202.63291666666666,2023.0
2023-02-19,202.57875,2023.0
2023-02-20,202.61541666666665,2023.0
2023-02-21,202.64083333333335,2023.0
2023-02-22,203.2133333333333,2023.0
2023-02-23,199.75176470588235,2023.0
2023-02-24,203.03181818181818,2023.0
2023-02-25,214.14153846153846,2023.0
2023-02-26,218.7591666666667,2023.0
2023-02-27,222.32708333333335,2023.0
2023-02-28,222.1029166666667,2023.0
2023-03-01,226.033125,2023.0
2023-03-02,222.2566666666667,2023.0
2023-03-03,226.80125,2023.0
2023-03-04,226.62166666666667,2023.0
2023-03-05,227.7904166666667,2023.0
2023-03-06,230.54083333333332,2023.0
2023-03-07,229.70000000000002,2023.0
2023-03-08,228.91208333333336,2023.0
2023-03-09,229.70875,2023.0
2023-03-10,240.27041666666665,2023.0
2023-03-11,242.43291666666667,2023.0
2023-03-12,246.48833333333334,2023.0
2023-03-13,251.53,2023.0
2023-03-14,255.13791666666668,2023.0
2023-03-15,254.27166666666668,2023.0
2023-03-16,254.37375,2023.0
2023-03-17,254.23708333333332,2023.0
2023-03-18,254.16083333333333,2023.0
2023-03-19,256.0258333333333,2023.0
2023-03-20,260.7725,2023.0
2023-03-21,262.78833333333336,2023.0
2023-03-22,266.1095833333333,2023.0
2023-03-23,266.33,2023.0
2023-03-24,264.9170833333333,2023.0
2023-03-25,264.88291666666663,2023.0
2023-03-26,264.87291666666664,2023.0
2023-03-27,264.5783333333333,2023.0
2023-03-28,265.3595833333333,2023.0
2023-03-29,271.0825,2023.0
2023-03-30,272.1616666666667,2023.0
2023-03-31,271.47833333333335,2023.0
2023-04-01,270.3379166666667,2023.0
2023-04-02,269.12791666666664,2023.0
2023-04-03,267.91875,2023.0
2023-04-04,267.57375,2023.0
2023-04-05,267.27875,2023.0
2023-04-06,267.1045833333333,2023.0
2023-04-07,267.16041666666666,2023.0
2023-04-08,266.8029166666667,2023.0
2023-04-09,266.49041666666665,2023.0
2023-04-10,266.0254166666667,2023.0
2023-04-11,265.1175,2023.0
2023-04-12,263.87624999999997,2023.0
2023-04-13,262.93375,2023.0
2023-04-14,262.6775,2023.0
2023-04-15,262.49791666666664,2023.0
2023-04-16,262.1345833333333,2023.0
2023-04-17,261.58666666666664,2023.0
2023-04-18,261.4295833333333,2023.0
2023-04-19,261.50166666666667,2023.0
2023-04-20,261.3220833333333,2023.0
2023-04-21,261.0095833333333,2023.0
2023-04-22,260.17833333333334,2023.0
2023-04-23,259.34166666666664,2023.0
2023-04-24,257.5841666666667,2023.0
2023-04-25,256.5370833333333,2023.0
2023-04-26,255.56208333333333,2023.0
2023-04-27,254.53166666666667,2023.0
2023-04-28,253.65625,2023.0
2023-04-29,252.55375,2023.0
2023-04-30,251.3075,2023.0
2023-05-01,250.21875,2023.0
2023-05-02,252.22708333333333,2023.0
2023-05-03,254.5475,2023.0
2023-05-04,255.07458333333332,2023.0
2023-05-05,255.25166666666667,2023.0
2023-05-06,255.98416666666665,2023.0
2023-05-07,255.49166666666667,2023.0
2023-05-08,255.16750000000002,2023.0
2023-05-09,255.17291666666665,2023.0
2023-05-10,255.5325,2023.0
2023-05-11,255.86416666666665,2023.0
2023-05-12,258.34250000000003,2023.0
2023-05-13,259.28916666666663,2023.0
2023-05-14,263.42041666666665,2023.0
2023-05-15,264.8283333333333,2023.0
2023-05-16,262.7595833333333,2023.0
2023-05-17,256.0475,2023.0
2023-05-18,250.01458333333335,2023.0
2023-05-19,241.69916666666666,2023.0
2023-05-20,231.63625000000002,2023.0
2023-05-21,223.97208333333333,2023.0
2023-05-22,218.83791666666664,2023.0
2023-05-23,211.62166666666667,2023.0
2023-05-24,205.99166666666667,2023.0
2023-05-25,203.78833333333333,2023.0
2023-05-26,201.81166666666664,2023.0
2023-05-27,200.72958333333335,2023.0
2023-05-28,197.75833333333333,2023.0
2023-05-29,197.43291666666667,2023.0
2023-05-30,194.53416666666666,2023.0
2023-05-31,192.35458333333335,2023.0
2023-06-01,190.41,2023.0
2023-06-02,187.04875,2023.0
2023-06-03,184.35916666666665,2023.0
2023-06-04,179.6291666666667,2023.0
2023-06-05,177.93625,2023.0
2023-06-06,174.75791666666666,2023.0
2023-06-07,171.98791666666668,2023.0
2023-06-08,170.04541666666668,2023.0
2023-06-09,167.59208333333333,2023.0
2023-06-10,163.29958333333335,2023.0
2023-06-11,163.39416666666668,2023.0
2023-06-12,162.58,2023.0
2023-06-13,160.10166666666666,2023.0
2023-06-14,155.4825,2023.0
2023-06-15,150.14625,2023.0
2023-06-16,145.87791666666666,2023.0
2023-06-17,141.38125,2023.0
2023-06-18,134.10708333333335,2023.0
2023-06-19,127.03166666666668,2023.0
2023-06-20,123.89083333333333,2023.0
2023-06-21,121.63208333333334,2023.0
2023-06-22,118.36458333333333,2023.0
2023-06-23,115.23541666666667,2023.0
2023-06-24,111.93958333333335,2023.0
2023-06-25,108.17125,2023.0
2023-06-26,103.65333333333332,2023.0
2023-06-27,99.39708333333333,2023.0
2023-06-28,96.26041666666667,2023.0
2023-06-29,93.31458333333335,2023.0
2023-06-30,88.05541666666666,2023.0
2023-07-01,82.33583333333333,2023.0
2023-07-02,75.74958333333333,2023.0
2023-07-03,67.58125,2023.0
2023-07-04,59.625416666666666,2023.0
2023-07-05,52.550000000000004,2023.0
2023-07-06,44.437916666666666,2023.0
2023-07-07,36.10875,2023.0
2023-07-08,27.047083333333333,2023.0
2023-07-09,16.710833333333333,2023.0
2023-07-10,7.668333333333333,2023.0
2023-07-11,5.363333333333333,2023.0
2023-07-12,4.602083333333334,2023.0
2023-07-13,2.4404166666666667,2023.0
2023-07-14,0.3633333333333333,2023.0
2023-07-15,0.010833333333333334,2023.0
2023-07-16,0.0,2023.0
2023-07-17,0.0,2023.0
2023-07-18,0.0,2023.0
2023-07-19,0.0,2023.0
2023-07-20,0.0,2023.0
2023-07-21,0.0,2023.0
2023-07-22,0.0,2023.0
2023-07-23,0.0,2023.0
2023-07-24,0.0,2023.0
2023-07-25,0.0,2023.0
2023-07-26,0.0,2023.0
2023-07-27,0.0,2023.0
2023-07-28,0.0,2023.0
2023-07-29,0.0,2023.0
2023-07-30,0.0,2023.0
2023-07-31,0.0,2023.0
2023-08-01,0.0,2023.0
2023-08-02,0.0,2023.0
2023-08-03,0.0,2023.0
2023-08-04,0.0,2023.0
2023-08-05,0.0,2023.0
2023-08-06,0.0,2023.0
2023-08-07,0.0,2023.0
2023-08-08,0.0,2023.0
2023-08-09,0.0,2023.0
2023-08-10,0.0,2023.0
2023-08-11,0.0,2023.0
2023-08-12,0.0,2023.0
2023-08-13,0.0,2023.0
2023-08-14,0.0,2023.0
2023-08-15,0.0,2023.0
2023-08-16,0.0,2023.0
2023-08-17,0.0,2023.0
2023-08-18,0.0,2023.0
2023-08-19,0.0033333333333333335,2023.0
2023-08-20,0.15375,2023.0
2023-08-21,0.13458333333333333,2023.0
2023-08-22,0.020416666666666666,2023.0
2023-08-23,0.0,2023.0
2023-08-24,0.0,2023.0
2023-08-25,0.0,2023.0
2023-08-26,0.0,2023.0
2023-08-27,0.0,2023.0
2023-08-28,0.0,2023.0
2023-08-29,0.0,2023.0
2023-08-30,0.0,2023.0
2023-08-31,0.0,2023.0
2023-09-01,0.0,2023.0
2023-09-02,0.04541666666666667,2023.0
2023-09-03,0.1991666666666667,2023.0
2023-09-04,0.15291666666666667,2023.0
2023-09-05,0.0,2023.0
2023-09-06,0.0,2023.0
2023-09-07,0.0,2023.0
2023-09-08,0.0,2023.0
2023-09-09,0.005833333333333334,2023.0
2023-09-10,0.0,2023.0
2023-09-11,0.005833333333333334,2023.0
2023-09-12,0.005416666666666667,2023.0
2023-09-13,0.0,2023.0
2023-09-14,0.004583333333333334,2023.0
2023-09-15,0.010833333333333334,2023.0
2023-09-16,0.0,2023.0
2023-09-17,0.0,2023.0
2023-09-18,0.0,2023.0
2023-09-19,0.0,2023.0
2023-09-20,0.0,2023.0
2023-09-21,0.0,2023.0
2023-09-22,0.0,2023.0
2023-09-23,0.0,2023.0
2023-09-24,0.031111111111111114,2023.0
2023-09-25,0.11708333333333333,2023.0
2023-09-26,0.10958333333333332,2023.0
2023-09-27,0.07208333333333333,2023.0
2023-09-28,0.06708333333333334,2023.0
2023-09-29,0.12833333333333333,2023.0
2023-09-30,0.9066666666666667,2023.0
2023-10-01,1.14,2024.0
2023-10-02,1.1154166666666667,2024.0
2023-10-03,0.8224999999999999,2024.0
2023-10-04,0.6158333333333333,2024.0
2023-10-05,0.51375,2024.0
2023-10-06,0.41375,2024.0
2023-10-07,0.29083333333333333,2024.0
2023-10-08,0.215,2024.0
2023-10-09,0.2841666666666667,2024.0
2023-10-10,0.42375,2024.0
2023-10-11,0.54125,2024.0
2023-10-12,0.5645833333333333,2024.0
2023-10-13,0.5133333333333333,2024.0
2023-10-14,0.5295833333333333,2024.0
2023-10-15,0.42291666666666666,2024.0
2023-10-16,0.4041666666666666,2024.0
2023-10-17,0.37958333333333333,2024.0
2023-10-18,0.35708333333333336,2024.0
2023-10-19,0.325,2024.0
2023-10-20,0.3875,2024.0
2023-10-21,0.435,2024.0
2023-10-22,0.6891666666666666,2024.0
2023-10-23,0.6754166666666667,2024.0
2023-10-24,0.7174999999999999,2024.0
2023-10-25,0.9379166666666666,2024.0
2023-10-26,1.0595833333333333,2024.0
2023-10-27,1.0295833333333333,2024.0
2023-10-28,1.0570833333333334,2024.0
2023-10-29,1.14125,2024.0
2023-10-30,0.9816666666666666,2024.0
2023-10-31,0.9356521739130435,2024.0
2023-11-01,0.92125,2024.0
2023-11-02,0.9595833333333333,2024.0
2023-11-03,0.9916666666666667,2024.0
2023-11-04,1.0795833333333333,2024.0
2023-11-05,1.3108333333333333,2024.0
2023-11-06,2.69375,2024.0
2023-11-07,6.662916666666667,2024.0
2023-11-08,6.97375,2024.0
2023-11-09,7.277916666666666,2024.0
2023-11-10,7.142916666666667,2024.0
2023-11-11,6.924166666666667,2024.0
2023-11-12,6.752916666666667,2024.0
2023-11-13,6.687083333333334,2024.0
2023-11-14,6.589583333333334,2024.0
2023-11-15,6.835833333333333,2024.0
2023-11-16,8.865,2024.0
2023-11-17,9.165,2024.0
2023-11-18,10.482916666666666,2024.0
2023-11-19,12.684166666666668,2024.0
2023-11-20,12.504583333333334,2024.0
2023-11-21,12.327916666666667,2024.0
2023-11-22,12.326666666666668,2024.0
2023-11-23,12.475416666666668,2024.0
2023-11-24,12.961666666666666,2024.0
2023-11-25,13.241666666666667,2024.0
2023-11-26,13.679583333333333,2024.0
2023-11-27,13.97375,2024.0
2023-11-28,13.900833333333333,2024.0
2023-11-29,13.805,2024.0
2023-11-30,14.045,2024.0
2023-12-01,14.669583333333334,2024.0
2023-12-02,14.582500000000001,2024.0
2023-12-03,14.550833333333335,2024.0
2023-12-04,14.42875,2024.0
2023-12-05,14.347083333333332,2024.0
2023-12-06,14.46625,2024.0
2023-12-07,15.813333333333333,2024.0
2023-12-08,15.903333333333334,2024.0
2023-12-09,15.80625,2024.0
2023-12-10,15.804166666666667,2024.0
2023-12-11,15.832500000000001,2024.0
2023-12-12,15.956666666666665,2024.0
2023-12-13,16.049583333333334,2024.0
2023-12-14,16.011666666666667,2024.0
2023-12-15,15.95125,2024.0
2023-12-16,15.92,2024.0
2023-12-17,15.937083333333334,2024.0
2023-12-18,17.207916666666666,2024.0
2023-12-19,19.5575,2024.0
2023-12-20,20.186666666666667,2024.0
2023-12-21,,2024.0
2023-12-22,,2024.0
2023-12-23,20.62,2024.0
2023-12-24,20.639583333333334,2024.0
2023-12-25,20.52125,2024.0
2023-12-26,20.514583333333334,2024.0
2023-12-27,20.365833333333335,2024.0
2023-12-28,20.142500000000002,2024.0
2023-12-29,20.167916666666667,2024.0
2023-12-30,20.199583333333333,2024.0
2023-12-31,20.33125,2024.0
2024-01-01,20.326249999999998,2024.0
2024-01-02,20.469583333333333,2024.0
2024-01-03,23.895416666666666,2024.0
2024-01-04,24.425416666666667,2024.0
2024-01-05,24.459999999999997,2024.0
2024-01-06,24.415833333333335,2024.0
2024-01-07,24.560000000000002,2024.0
2024-01-08,24.48,2024.0
2024-01-09,24.539583333333336,2024.0
2024-01-10,26.433333333333334,2024.0
2024-01-11,28.275000000000002,2024.0
2024-01-12,27.975416666666664,2024.0
2024-01-13,29.657083333333333,2024.0
2024-01-14,38.4175,2024.0
2024-01-15,39.152499999999996,2024.0
2024-01-16,39.50666666666667,2024.0
2024-01-17,43.42875,2024.0
2024-01-18,44.63583333333333,2024.0
2024-01-19,44.53375,2024.0
2024-01-20,45.51208333333333,2024.0
2024-01-21,45.29458333333333,2024.0
2024-01-22,46.56041666666667,2024.0
2024-01-23,48.065,2024.0
2024-01-24,48.69916666666666,2024.0
2024-01-25,49.071666666666665,2024.0
2024-01-26,48.975833333333334,2024.0
2024-01-27,48.82875000000001,2024.0
2024-01-28,48.90958333333333,2024.0
2024-01-29,48.98708333333334,2024.0
2024-01-30,48.905833333333334,2024.0
2024-01-31,49.06333333333333,2024.0
2024-02-01,54.317499999999995,2024.0
2024-02-02,57.10541666666666,2024.0
2024-02-03,57.87625,2024.0
2024-02-04,62.321666666666665,2024.0
2024-02-05,67.27333333333333,2024.0
2024-02-06,68.37833333333334,2024.0
2024-02-07,71.23833333333333,2024.0
2024-02-08,74.69333333333334,2024.0
2024-02-09,75.40708333333333,2024.0
2024-02-10,75.76666666666667,2024.0
2024-02-11,75.54083333333334,2024.0
2024-02-12,75.42041666666667,2024.0
2024-02-13,75.34458333333333,2024.0
2024-02-14,75.00625000000001,2024.0
2024-02-15,80.59666666666666,2024.0
2024-02-16,83.03291666666667,2024.0
2024-02-17,84.08458333333333,2024.0
2024-02-18,88.55166666666666,2024.0
2024-02-19,92.04875,2024.0
2024-02-20,92.97583333333334,2024.0
2024-02-21,95.98166666666667,2024.0
2024-02-22,96.39291666666666,2024.0
2024-02-23,96.27458333333334,2024.0
2024-02-24,96.1375,2024.0
2024-02-25,96.06291666666668,2024.0
2024-02-26,96.15499999999999,2024.0
2024-02-27,96.78333333333335,2024.0
2024-02-28,96.645,2024.0
2024-02-29,95.94166666666666,2024.0
2024-03-01,96.76041666666667,2024.0
2024-03-02,96.44958333333334,2024.0
2024-03-03,107.21458333333334,2024.0
2024-03-04,106.05833333333334,2024.0
2024-03-05,106.38458333333334,2024.0
2024-03-06,106.76916666666666,2024.0
2024-03-07,106.82458333333334,2024.0
2024-03-08,106.78291666666667,2024.0
2024-03-09,106.64,2024.0
2024-03-10,106.45791666666666,2024.0
2024-03-11,106.32208333333334,2024.0
2024-03-12,107.10875,2024.0
2024-03-13,107.84708333333333,2024.0
2024-03-14,107.67041666666667,2024.0
2024-03-15,107.62208333333332,2024.0
2024-03-16,107.53125,2024.0
2024-03-17,107.45666666666666,2024.0
2024-03-18,107.36458333333333,2024.0
2024-03-19,107.21166666666666,2024.0
2024-03-20,107.05,2024.0
2024-03-21,106.99624999999999,2024.0
2024-03-22,106.8325,2024.0
2024-03-23,110.11500000000001,2024.0
2024-03-24,115.00458333333334,2024.0
2024-03-25,116.56375000000001,2024.0
2024-03-26,116.67166666666667,2024.0
2024-03-27,117.00916666666666,2024.0
2024-03-28,122.18083333333334,2024.0
2024-03-29,127.56625000000001,2024.0
2024-03-30,131.9125,2024.0
2024-03-31,132.99958333333333,2024.0
2024-04-01,133.35125000000002,2024.0
2024-04-02,133.125,2024.0
2024-04-03,132.68708333333333,2024.0
2024-04-04,134.14833333333334,2024.0
2024-04-05,140.25083333333333,2024.0
2024-04-06,145.09,2024.0
2024-04-07,146.3,2024.0
2024-04-08,146.37583333333333,2024.0
2024-04-09,146.27375,2024.0
2024-04-10,145.9575,2024.0
2024-04-11,145.39666666666668,2024.0
2024-04-12,144.66416666666666,2024.0
2024-04-13,144.22666666666666,2024.0
2024-04-14,144.37333333333333,2024.0
2024-04-15,144.37833333333333,2024.0
2024-04-16,144.32166666666666,2024.0
2024-04-17,143.415,2024.0
2024-04-18,142.4779166666667,2024.0
2024-04-19,141.15916666666666,2024.0
2024-04-20,139.90125,2024.0
2024-04-21,138.17249999999999,2024.0
2024-04-22,136.15875,2024.0
2024-04-23,134.24375,2024.0
2024-04-24,132.82333333333335,2024.0
2024-04-25,132.28,2024.0
2024-04-26,132.24333333333334,2024.0
2024-04-27,132.43833333333333,2024.0
2024-04-28,131.70625,2024.0
2024-04-29,130.34458333333333,2024.0
2024-04-30,129.08608695652174,2024.0
2024-05-01,128.21333333333334,2024.0
2024-05-02,126.86083333333333,2024.0
2024-05-03,125.28041666666667,2024.0
2024-05-04,125.15499999999999,2024.0
2024-05-05,127.37416666666667,2024.0
2024-05-06,127.5775,2024.0
2024-05-07,127.48708333333333,2024.0
2024-05-08,127.58416666666666,2024.0
2024-05-09,126.85000000000001,2024.0
2024-05-10,125.67916666666667,2024.0
2024-05-11,124.65666666666668,2024.0
2024-05-12,122.80708333333332,2024.0
2024-05-13,120.25291666666668,2024.0
2024-05-14,118.97583333333334,2024.0
2024-05-15,117.22500000000001,2024.0
2024-05-16,114.48583333333333,2024.0
2024-05-17,110.40125,2024.0
2024-05-18,107.20333333333333,2024.0
2024-05-19,104.23083333333334,2024.0
2024-05-20,101.74791666666665,2024.0
2024-05-21,100.0025,2024.0
2024-05-22,96.60333333333334,2024.0
2024-05-23,93.43291666666666,2024.0
2024-05-24,90.72833333333334,2024.0
2024-05-25,88.34750000000001,2024.0
2024-05-26,85.05875,2024.0
2024-05-27,81.42458333333333,2024.0
2024-05-28,77.13291666666667,2024.0
2024-05-29,72.045,2024.0
2024-05-30,67.64999999999999,2024.0
2024-05-31,63.546956521739126,2024.0
2024-06-01,57.98416666666666,2024.0
2024-06-02,50.61375,2024.0
2024-06-03,46.0675,2024.0
2024-06-04,43.018750000000004,2024.0
2024-06-05,38.391666666666666,2024.0
2024-06-06,30.982916666666668,2024.0
2024-06-07,19.8125,2024.0
2024-06-08,9.545,2024.0
2024-06-09,4.027916666666667,2024.0
2024-06-10,1.9120833333333334,2024.0
2024-06-11,0.8129166666666666,2024.0
2024-06-12,0.42416666666666664,2024.0
2024-06-13,0.34249999999999997,2024.0
2024-06-14,0.24541666666666664,2024.0
2024-06-15,0.2608333333333333,2024.0
2024-06-16,0.26208333333333333,2024.0
2024-06-17,0.3095833333333333,2024.0
2024-06-18,0.32583333333333336,2024.0
2024-06-19,0.2725,2024.0
2024-06-20,0.2141666666666667,2024.0
2024-06-21,0.12333333333333334,2024.0
2024-06-22,0.08583333333333333,2024.0
2024-06-23,0.105,2024.0
2024-06-24,0.10083333333333333,2024.0
2024-06-25,0.043333333333333335,2024.0
2024-06-26,0.06333333333333334,2024.0
2024-06-27,0.10166666666666667,2024.0
2024-06-28,0.08625,2024.0
2024-06-29,0.08875,2024.0
2024-06-30,0.12333333333333334,2024.0
2024-07-01,0.09958333333333334,2024.0
2024-07-02,0.08208333333333334,2024.0
2024-07-03,0.05666666666666667,2024.0
2024-07-04,0.03125,2024.0
2024-07-05,0.015833333333333335,2024.0
2024-07-06,0.021666666666666667,2024.0
2024-07-07,0.0175,2024.0
2024-07-08,0.028749999999999998,2024.0
2024-07-09,0.03333333333333333,2024.0
2024-07-10,0.03958333333333334,2024.0
2024-07-11,0.035,2024.0
2024-07-12,0.028749999999999998,2024.0
2024-07-13,0.125,2024.0
2024-07-14,0.27375,2024.0
2024-07-15,0.32708333333333334,2024.0
2024-07-16,0.30916666666666665,2024.0
2024-07-17,0.3016666666666667,2024.0
2024-07-18,0.5670833333333333,2024.0
2024-07-19,0.385,2024.0
2024-07-20,0.21166666666666667,2024.0
2024-07-21,0.22875,2024.0
2024-07-22,0.22041666666666668,2024.0
2024-07-23,0.26208333333333333,2024.0
2024-07-24,0.255,2024.0
2024-07-25,0.2125,2024.0
2024-07-26,0.26208333333333333,2024.0
2024-07-27,0.36000000000000004,2024.0
2024-07-28,0.3833333333333333,2024.0
2024-07-29,0.3675,2024.0
2024-07-30,0.35333333333333333,2024.0
2024-07-31,0.33666666666666667,2024.0
2024-08-01,0.3025,2024.0
2024-08-02,0.33125,2024.0
2024-08-03,0.29791666666666666,2024.0
2024-08-04,0.30624999999999997,2024.0
2024-08-05,0.29833333333333334,2024.0
2024-08-06,0.2816666666666667,2024.0
2024-08-07,0.26208333333333333,2024.0
2024-08-08,0.25416666666666665,2024.0
2024-08-09,0.26291666666666663,2024.0
2024-08-10,0.2625,2024.0
2024-08-11,0.33666666666666667,2024.0
2024-08-12,0.3520833333333333,2024.0
2024-08-13,0.39166666666666666,2024.0
2024-08-14,0.40458333333333335,2024.0
2024-08-15,0.4008333333333334,2024.0
2024-08-16,0.4166666666666667,2024.0
2024-08-17,0.4454166666666666,2024.0
2024-08-18,0.45249999999999996,2024.0
2024-08-19,0.4558333333333333,2024.0
2024-08-20,0.4683333333333333,2024.0
2024-08-21,0.5008333333333334,2024.0
2024-08-22,0.57875,2024.0
2024-08-23,0.7408333333333333,2024.0
2024-08-24,1.2529166666666667,2024.0
2024-08-25,0.9495833333333333,2024.0
2024-08-26,0.5979166666666667,2024.0
2024-08-27,0.435,2024.0
2024-08-28,0.39666666666666667,2024.0
2024-08-29,0.3754166666666667,2024.0
2024-08-30,0.37833333333333335,2024.0
2024-08-31,0.35000000000000003,2024.0
2024-09-01,0.0,2024.0
2024-09-02,0.0,2024.0
2024-09-03,0.0,2024.0
2024-09-04,0.0,2024.0
2024-09-05,0.0,2024.0
2024-09-06,0.0,2024.0
2024-09-07,0.0,2024.0
2024-09-08,0.0,2024.0
2024-09-09,0.0,2024.0
2024-09-10,0.0,2024.0
2024-09-11,0.0,2024.0
2024-09-12,0.0,2024.0
2024-09-13,0.0,2024.0
2024-09-14,0.0,2024.0
2024-09-15,0.007916666666666667,2024.0
2024-09-16,0.04041666666666666,2024.0
2024-09-17,0.025833333333333333,2024.0
2024-09-18,0.027083333333333334,2024.0
2024-09-19,0.24333333333333332,2024.0
2024-09-20,0.31916666666666665,2024.0
2024-09-21,0.16166666666666665,2024.0
2024-09-22,0.05291666666666667,2024.0
2024-09-23,0.00875,2024.0
2024-09-24,0.011666666666666667,2024.0
2024-09-25,0.012916666666666667,2024.0
2024-09-26,0.0,2024.0
2024-09-27,0.0,2024.0
2024-09-28,0.0,2024.0
2024-09-29,0.0,2024.0
2024-09-30,0.0,2024.0
2024-10-01,0.0,2025.0
2024-10-02,0.0,2025.0
2024-10-03,0.0,2025.0
2024-10-04,0.0,2025.0
2024-10-05,0.0,2025.0
2024-10-06,0.0,2025.0
2024-10-07,0.0,2025.0
2024-10-08,0.0,2025.0
2024-10-09,0.0,2025.0
2024-10-10,0.0,2025.0
2024-10-11,0.006250000000000001,2025.0
2024-10-12,0.011250000000000001,2025.0
2024-10-13,0.006250000000000001,2025.0
2024-10-14,0.009583333333333333,2025.0
2024-10-15,0.022500000000000003,2025.0
2024-10-16,0.23291666666666666,2025.0
2024-10-17,0.6283333333333333,2025.0
2024-10-18,0.5504166666666667,2025.0
2024-10-19,0.37916666666666665,2025.0
2024-10-20,0.405,2025.0
2024-10-21,0.47625,2025.0
2024-10-22,0.3754166666666667,2025.0
2024-10-23,0.30041666666666667,2025.0
2024-10-24,0.26625000000000004,2025.0
2024-10-25,0.2508333333333333,2025.0
2024-10-26,0.27125,2025.0
2024-10-27,0.3908333333333333,2025.0
2024-10-28,1.07,2025.0
2024-10-29,1.6491666666666667,2025.0
2024-10-30,1.6220833333333333,2025.0
2024-10-31,1.6495833333333334,2025.0
2024-11-01,1.4845833333333334,2025.0
2024-11-02,2.00375,2025.0
2024-11-03,2.1754166666666666,2025.0
2024-11-04,1.9629166666666666,2025.0
2024-11-05,1.7995833333333333,2025.0
2024-11-06,1.8075,2025.0
2024-11-07,1.6133333333333333,2025.0
2024-11-08,1.6029166666666665,2025.0
2024-11-09,1.3304166666666666,2025.0
2024-11-10,0.66375,2025.0
2024-11-11,0.6566666666666666,2025.0
2024-11-12,1.315,2025.0
2024-11-13,1.0654166666666667,2025.0
2024-11-14,1.195,2025.0
2024-11-15,2.29625,2025.0
2024-11-16,2.7920833333333337,2025.0
2024-11-17,2.9066666666666667,2025.0
2024-11-18,3.2449999999999997,2025.0
2024-11-19,3.5379166666666664,2025.0
2024-11-20,3.047083333333333,2025.0
2024-11-21,2.7879166666666664,2025.0
2024-11-22,2.8341666666666665,2025.0
2024-11-23,7.7491666666666665,2025.0
2024-11-24,10.795833333333334,2025.0
2024-11-25,13.192916666666667,2025.0
2024-11-26,22.765833333333333,2025.0
2024-11-27,24.404583333333335,2025.0
2024-11-28,24.471249999999998,2025.0
2024-11-29,24.491249999999997,2025.0
2024-11-30,24.488333333333333,2025.0
2024-12-01,24.458333333333332,2025.0
2024-12-02,24.508750000000003,2025.0
2024-12-03,24.54625,2025.0
2024-12-04,24.566666666666666,2025.0
2024-12-05,24.587083333333336,2025.0
2024-12-06,24.58791666666667,2025.0
2024-12-07,24.55,2025.0
2024-12-08,24.505416666666665,2025.0
2024-12-09,24.550833333333333,2025.0
2024-12-10,24.53125,2025.0
2024-12-11,24.46375,2025.0
2024-12-12,24.534166666666668,2025.0
2024-12-13,27.272499999999997,2025.0
2024-12-14,30.211250000000003,2025.0
2024-12-15,31.203333333333333,2025.0
2024-12-16,31.0575,2025.0
2024-12-17,31.251666666666665,2025.0
2024-12-18,31.144166666666667,2025.0
2024-12-19,31.150000000000002,2025.0
2024-12-20,31.132500000000004,2025.0
2024-12-21,30.928749999999997,2025.0
2024-12-22,32.35208333333333,2025.0
2024-12-23,32.92125,2025.0
2024-12-24,34.37625,2025.0
2024-12-25,36.1,2025.0
2024-12-26,39.2675,2025.0
2024-12-27,49.63625,2025.0
2024-12-28,53.44208333333333,2025.0
2024-12-29,54.61166666666667,2025.0
2024-12-30,58.6525,2025.0
2024-12-31,58.739583333333336,2025.0
2025-01-01,58.76416666666666,2025.0
2025-01-02,58.77,2025.0
2025-01-03,59.03875,2025.0
2025-01-04,59.26916666666667,2025.0
2025-01-05,59.285,2025.0
2025-01-06,59.36875,2025.0
2025-01-07,59.59041666666667,2025.0
2025-01-08,59.617916666666666,2025.0
2025-01-09,59.62625,2025.0
2025-01-10,59.52625,2025.0
2025-01-11,59.6175,2025.0
2025-01-12,59.800000000000004,2025.0
2025-01-13,59.91708333333333,2025.0
2025-01-14,59.890833333333326,2025.0
2025-01-15,59.91375,2025.0
2025-01-16,59.965833333333336,2025.0
2025-01-17,59.98041666666666,2025.0
2025-01-18,59.98166666666666,2025.0
2025-01-19,59.91958333333333,2025.0
2025-01-20,59.99666666666667,2025.0
2025-01-21,59.88375,2025.0
2025-01-22,59.752916666666664,2025.0
2025-01-23,59.62166666666667,2025.0
2025-01-24,59.4725,2025.0
2025-01-25,59.71208333333333,2025.0
2025-01-26,60.79458333333333,2025.0
2025-01-27,60.94958333333333,2025.0
2025-01-28,60.915416666666665,2025.0
2025-01-29,60.8225,2025.0
2025-01-30,60.70916666666667,2025.0
2025-01-31,60.45916666666667,2025.0
2025-02-01,62.45708333333334,2025.0
2025-02-02,63.39875,2025.0
2025-02-03,63.40541666666667,2025.0
2025-02-04,63.94375,2025.0
2025-02-05,66.99416666666666,2025.0
2025-02-06,68.47666666666667,2025.0
2025-02-07,71.65833333333333,2025.0
2025-02-08,72.29083333333334,2025.0
2025-02-09,72.43124999999999,2025.0
2025-02-10,72.35625,2025.0
2025-02-11,72.76208333333334,2025.0
2025-02-12,72.88041666666668,2025.0
2025-02-13,79.525,2025.0
2025-02-14,91.1225,2025.0
2025-02-15,97.70625,2025.0
2025-02-16,97.82291666666667,2025.0
2025-02-17,97.71083333333333,2025.0
2025-02-18,97.71166666666666,2025.0
2025-02-19,97.63958333333333,2025.0
2025-02-20,97.63791666666667,2025.0
2025-02-21,97.61166666666666,2025.0
2025-02-22,97.54708333333333,2025.0
2025-02-23,97.4525,2025.0
2025-02-24,97.44583333333333,2025.0
2025-02-25,97.53666666666668,2025.0
2025-02-26,97.58583333333333,2025.0
2025-02-27,97.56875000000001,2025.0
2025-02-28,97.545,2025.0
2025-03-01,97.53375,2025.0
2025-03-02,99.94958333333334,2025.0
2025-03-03,102.77958333333333,2025.0
2025-03-04,102.80083333333333,2025.0
2025-03-05,104.1725,2025.0
2025-03-06,107.87124999999999,2025.0
2025-03-07,108.63499999999999,2025.0
2025-03-08,108.55083333333333,2025.0
2025-03-09,108.3875,2025.0
2025-03-10,108.41166666666668,2025.0
2025-03-11,108.41000000000001,2025.0
2025-03-12,109.54,2025.0
2025-03-13,117.47958333333334,2025.0
2025-03-14,118.84166666666665,2025.0
2025-03-15,119.16916666666667,2025.0
2025-03-16,118.18583333333333,2025.0
2025-03-17,119.80458333333333,2025.0
2025-03-18,122.145,2025.0
2025-03-19,122.04708333333333,2025.0
2025-03-20,121.21125,2025.0
2025-03-21,120.99833333333333,2025.0
2025-03-22,120.94791666666667,2025.0
2025-03-23,120.90416666666665,2025.0
2025-03-24,120.17791666666666,2025.0
2025-03-25,119.36083333333333,2025.0
2025-03-26,118.31041666666665,2025.0
2025-03-27,117.35708333333334,2025.0
2025-03-28,117.46999999999998,2025.0
2025-03-29,117.7625,2025.0
2025-03-30,118.07541666666667,2025.0
2025-03-31,120.83999999999999,2025.0
2025-04-01,123.70333333333333,2025.0
2025-04-02,126.78375,2025.0
2025-04-03,126.96041666666667,2025.0
2025-04-04,127.11625,2025.0
2025-04-05,127.31458333333335,2025.0
2025-04-06,127.34583333333335,2025.0
2025-04-07,126.99583333333334,2025.0
2025-04-08,126.59166666666665,2025.0
2025-04-09,125.8075,2025.0
2025-04-10,124.59416666666668,2025.0
2025-04-11,123.39083333333333,2025.0
2025-04-12,122.59208333333333,2025.0
2025-04-13,122.11666666666667,2025.0
2025-04-14,121.49541666666666,2025.0
2025-04-15,120.50666666666666,2025.0
2025-04-16,120.18833333333333,2025.0
2025-04-17,119.86375,2025.0
2025-04-18,119.63416666666666,2025.0
2025-04-19,119.57458333333334,2025.0
2025-04-20,119.00541666666668,2025.0
2025-04-21,117.855,2025.0
2025-04-22,116.67375,2025.0
2025-04-23,115.40208333333334,2025.0
2025-04-24,114.6275,2025.0
2025-04-25,113.74874999999999,2025.0
2025-04-26,114.22083333333335,2025.0
2025-04-27,114.72500000000001,2025.0
2025-04-28,114.99166666666667,2025.0
2025-04-29,114.54708333333333,2025.0
2025-04-30,113.38,2025.0
2025-05-01,112.69666666666667,2025.0
2025-05-02,111.66624999999999,2025.0
2025-05-03,110.75875,2025.0
2025-05-04,111.495,2025.0
2025-05-05,111.38541666666667,2025.0
2025-05-06,110.72458333333333,2025.0
2025-05-07,109.09541666666667,2025.0
2025-05-08,106.67166666666667,2025.0
2025-05-09,103.81708333333334,2025.0
2025-05-10,99.95,2025.0
2025-05-11,95.85125,2025.0
2025-05-12,93.08416666666666,2025.0
2025-05-13,92.61500000000001,2025.0
2025-05-14,92.37166666666667,2025.0
2025-05-15,90.76541666666667,2025.0
2025-05-16,88.27791666666667,2025.0
2025-05-17,86.29916666666666,2025.0
2025-05-18,85.46,2025.0
2025-05-19,83.24708333333334,2025.0
2025-05-20,80.55041666666666,2025.0
2025-05-21,76.915,2025.0
2025-05-22,72.5175,2025.0
2025-05-23,68.48541666666667,2025.0
2025-05-24,64.26125,2025.0
2025-05-25,60.74791666666667,2025.0
2025-05-26,56.23416666666666,2025.0
2025-05-27,52.80458333333333,2025.0
2025-05-28,49.01166666666666,2025.0
2025-05-29,44.763749999999995,2025.0
2025-05-30,40.35333333333333,2025.0
2025-05-31,36.25125,2025.0
2025-06-01,31.281666666666666,2025.0
2025-06-02,26.559583333333332,2025.0
2025-06-03,22.982916666666668,2025.0
2025-06-04,19.183333333333334,2025.0
2025-06-05,15.96125,2025.0
2025-06-06,11.4825,2025.0
2025-06-07,6.425833333333333,2025.0
2025-06-08,3.4949999999999997,2025.0
2025-06-09,1.6933333333333334,2025.0
2025-06-10,0.7920833333333333,2025.0
2025-06-11,0.53875,2025.0
2025-06-12,0.42583333333333334,2025.0
2025-06-13,0.4025,2025.0
2025-06-14,0.3829166666666666,2025.0
2025-06-15,0.31083333333333335,2025.0
2025-06-16,0.30416666666666664,2025.0
2025-06-17,0.23124999999999998,2025.0
2025-06-18,0.15916666666666665,2025.0
2025-06-19,0.16166666666666665,2025.0
2025-06-20,0.29833333333333334,2025.0
2025-06-21,0.45916666666666667,2025.0
2025-06-22,0.41625,2025.0
2025-06-23,0.49541666666666667,2025.0
2025-06-24,0.38625,2025.0
2025-06-25,0.2975,2025.0
2025-06-26,0.255,2025.0
2025-06-27,0.2091666666666667,2025.0
2025-06-28,0.16958333333333334,2025.0
2025-06-29,0.14041666666666666,2025.0
2025-06-30,0.15708333333333332,2025.0
